{
"type": "FeatureCollection",
"name": "Gasolinareas_gas_MID",
"crs": { "type": "name", "properties": { "name": "urn:ogc:def:crs:OGC:1.3:CRS84" } },
"features": [
{ "type": "Feature", "properties": { "id": 4485983, "clee": "31050468411000442000000000U6", "nom_estab": "SERVICIO MAYAB", "raz_social": null, "codigo_act": "468411", "nombre_act": "Comercio al por menor de gasolina y diesel", "per_ocu": "6 a 10 personas", "tipo_vial": "CALLE", "nom_vial": "30 (56 B)", "tipo_v_e_1": "CALLE", "nom_v_e_1": "17", "tipo_v_e_2": "CALLE", "nom_v_e_2": "15", "tipo_v_e_3": "CALLE", "nom_v_e_3": "28", "numero_ext": "141", "letra_ext": null, "edificio": null, "edificio_e": null, "numero_int": null, "letra_int": null, "tipo_asent": "COLONIA", "nomb_asent": "ITZIMNA", "tipoCenCom": null, "nom_CenCom": null, "num_local": null, "cod_postal": "97100", "cve_ent": "31", "entidad": "Yucat?n", "cve_mun": "050", "municipio": "M?rida", "cve_loc": "0001", "localidad": "M?rida", "ageb": "0169", "manzana": "029", "telefono": null, "correoelec": "FCOMENDICUTITOVAR@HOTMAIL.COM", "www": null, "tipoUniEco": "Fijo", "latitud": 20.99485628, "longitud": -89.6163341, "fecha_alta": "2010-07", "layer": "Com_men_4", "path": "D:/Trabajos/Contaminantes/DENUE/Comercio_menor/Com_men_4.shp" }, "geometry": { "type": "Point", "coordinates": [ -89.6163341, 20.99485628 ] } },
{ "type": "Feature", "properties": { "id": 4496602, "clee": "31050468411000342000000000U8", "nom_estab": "COMBUSTIBLES Y LUBRICANTES MARIA LUISA", "raz_social": "COMBUSTIBLE Y LUBRICANTES MARIA LUISA", "codigo_act": "468411", "nombre_act": "Comercio al por menor de gasolina y diesel", "per_ocu": "6 a 10 personas", "tipo_vial": "CALLE", "nom_vial": "21 (CIRCUITO COLONIAS)", "tipo_v_e_1": "CALLE", "nom_v_e_1": "12", "tipo_v_e_2": "CALLE", "nom_v_e_2": "14", "tipo_v_e_3": "CALLE", "nom_v_e_3": "23", "numero_ext": "220", "letra_ext": null, "edificio": null, "edificio_e": null, "numero_int": null, "letra_int": null, "tipo_asent": "COLONIA", "nomb_asent": "MAR?A LUISA", "tipoCenCom": null, "nom_CenCom": null, "num_local": null, "cod_postal": "97100", "cve_ent": "31", "entidad": "Yucat?n", "cve_mun": "050", "municipio": "M?rida", "cve_loc": "0001", "localidad": "M?rida", "ageb": "0826", "manzana": "024", "telefono": null, "correoelec": "FCOMENDICUTITOVAR@HOTMAIL.COM", "www": null, "tipoUniEco": "Fijo", "latitud": 20.93668252, "longitud": -89.6044513, "fecha_alta": "2010-07", "layer": "Com_men_4", "path": "D:/Trabajos/Contaminantes/DENUE/Comercio_menor/Com_men_4.shp" }, "geometry": { "type": "Point", "coordinates": [ -89.6044513, 20.93668252 ] } },
{ "type": "Feature", "properties": { "id": 4508901, "clee": "31050468411001033000000000U2", "nom_estab": "CORPORACION LA COMPLETA", "raz_social": "CORPORACION LA COMPLETA", "codigo_act": "468411", "nombre_act": "Comercio al por menor de gasolina y diesel", "per_ocu": "11 a 30 personas", "tipo_vial": "PERIFERICO", "nom_vial": "LICENCIADO MANUEL BERZUNZA", "tipo_v_e_1": "CALLE", "nom_v_e_1": "63 A", "tipo_v_e_2": "CALLE", "nom_v_e_2": "11 (35 DIAGONAL)", "tipo_v_e_3": "CALLE", "nom_v_e_3": "NINGUNO", "numero_ext": "16743", "letra_ext": null, "edificio": null, "edificio_e": null, "numero_int": null, "letra_int": null, "tipo_asent": "COLONIA", "nomb_asent": "ZONA INDUSTRIAL", "tipoCenCom": null, "nom_CenCom": null, "num_local": null, "cod_postal": "97219", "cve_ent": "31", "entidad": "Yucat?n", "cve_mun": "050", "municipio": "M?rida", "cve_loc": "0001", "localidad": "M?rida", "ageb": "4871", "manzana": "055", "telefono": null, "correoelec": "COMPLETA10@PRODIGY.NET.MX", "www": null, "tipoUniEco": "Fijo", "latitud": 21.02254108, "longitud": -89.66003049, "fecha_alta": "2012-06", "layer": "Com_men_4", "path": "D:/Trabajos/Contaminantes/DENUE/Comercio_menor/Com_men_4.shp" }, "geometry": { "type": "Point", "coordinates": [ -89.66003049, 21.02254108 ] } },
{ "type": "Feature", "properties": { "id": 4508902, "clee": "31050468411000271000027090M9", "nom_estab": "ESTACION ROMA", "raz_social": "GASOLINERA ROMA", "codigo_act": "468411", "nombre_act": "Comercio al por menor de gasolina y diesel", "per_ocu": "6 a 10 personas", "tipo_vial": "AVENIDA", "nom_vial": "HIDALGO (21)", "tipo_v_e_1": "CALLE", "nom_v_e_1": "40", "tipo_v_e_2": "CALLE", "nom_v_e_2": "38", "tipo_v_e_3": "CALLE", "nom_v_e_3": "23", "numero_ext": "226", "letra_ext": "B", "edificio": null, "edificio_e": null, "numero_int": null, "letra_int": null, "tipo_asent": "COLONIA", "nomb_asent": "GARC?A GINER?S", "tipoCenCom": null, "nom_CenCom": null, "num_local": null, "cod_postal": "97070", "cve_ent": "31", "entidad": "Yucat?n", "cve_mun": "050", "municipio": "M?rida", "cve_loc": "0001", "localidad": "M?rida", "ageb": "2733", "manzana": "027", "telefono": null, "correoelec": "CONTADORGENERAL@GMEGASUR.COM.MX", "www": null, "tipoUniEco": "Fijo", "latitud": 20.98907639, "longitud": -89.64252862, "fecha_alta": "2012-06", "layer": "Com_men_4", "path": "D:/Trabajos/Contaminantes/DENUE/Comercio_menor/Com_men_4.shp" }, "geometry": { "type": "Point", "coordinates": [ -89.64252862, 20.98907639 ] } },
{ "type": "Feature", "properties": { "id": 4516080, "clee": "31050468411001123002020880S1", "nom_estab": "GASOLINERA SERVICIOS TAC AEROPUERTO", "raz_social": "SERVICIOS TAC", "codigo_act": "468411", "nombre_act": "Comercio al por menor de gasolina y diesel", "per_ocu": "11 a 30 personas", "tipo_vial": "AVENIDA", "nom_vial": "BENITO JU?REZ (AVIACI?N)", "tipo_v_e_1": "CALLE", "nom_v_e_1": "110 A", "tipo_v_e_2": "CALLE", "nom_v_e_2": "110 B", "tipo_v_e_3": "CALLE", "nom_v_e_3": "81", "numero_ext": "837", "letra_ext": null, "edificio": null, "edificio_e": null, "numero_int": null, "letra_int": null, "tipo_asent": "CIUDAD INDUSTRIAL", "nomb_asent": "AV AVIACION", "tipoCenCom": null, "nom_CenCom": null, "num_local": null, "cod_postal": "97178", "cve_ent": "31", "entidad": "Yucat?n", "cve_mun": "050", "municipio": "M?rida", "cve_loc": "0001", "localidad": "M?rida", "ageb": "5390", "manzana": "005", "telefono": null, "correoelec": null, "www": null, "tipoUniEco": "Fijo", "latitud": 20.94329952, "longitud": -89.65862469, "fecha_alta": "2010-07", "layer": "Com_men_4", "path": "D:/Trabajos/Contaminantes/DENUE/Comercio_menor/Com_men_4.shp" }, "geometry": { "type": "Point", "coordinates": [ -89.65862469, 20.94329952 ] } },
{ "type": "Feature", "properties": { "id": 4516081, "clee": "31050468411001133000000000U0", "nom_estab": "GASOLINERIA ESTACION DE SERVICIO GULF", "raz_social": "DIESELERA DE MERIDA", "codigo_act": "468411", "nombre_act": "Comercio al por menor de gasolina y diesel", "per_ocu": "11 a 30 personas", "tipo_vial": "CARRETERA", "nom_vial": "MERIDA MOTULESTACION DE SERVICIO GULF", "tipo_v_e_1": "CALLE", "nom_v_e_1": "45 DIAGONAL", "tipo_v_e_2": "CALLE", "nom_v_e_2": "NINGUNO", "tipo_v_e_3": "CALLE", "nom_v_e_3": "MONTE", "numero_ext": "5110", "letra_ext": null, "edificio": null, "edificio_e": null, "numero_int": null, "letra_int": null, "tipo_asent": "COLONIA", "nomb_asent": "CHICHI SUAREZ", "tipoCenCom": null, "nom_CenCom": null, "num_local": null, "cod_postal": "97305", "cve_ent": "31", "entidad": "Yucat?n", "cve_mun": "050", "municipio": "M?rida", "cve_loc": "0001", "localidad": "M?rida", "ageb": "4975", "manzana": "003", "telefono": null, "correoelec": "SAMUEL.HERRERA@LODEMORED.COM.MX", "www": "WWW.LODEMORED.COM.MX", "tipoUniEco": "Fijo", "latitud": 21.02607288, "longitud": -89.56178298, "fecha_alta": "2010-07", "layer": "Com_men_4", "path": "D:/Trabajos/Contaminantes/DENUE/Comercio_menor/Com_men_4.shp" }, "geometry": { "type": "Point", "coordinates": [ -89.56178298, 21.02607288 ] } },
{ "type": "Feature", "properties": { "id": 4516084, "clee": "31050468411001454000000000U0", "nom_estab": "ESTACION MAYA", "raz_social": "SERVICIOS ECOLOGICOS CORREDOR TURISTICO", "codigo_act": "468411", "nombre_act": "Comercio al por menor de gasolina y diesel", "per_ocu": "0 a 5 personas", "tipo_vial": "CALLE", "nom_vial": "50", "tipo_v_e_1": "CALLE", "nom_v_e_1": "79", "tipo_v_e_2": "CERRADA", "nom_v_e_2": "NINGUNO", "tipo_v_e_3": "CALLE", "nom_v_e_3": "56", "numero_ext": "17280", "letra_ext": "TABLAJE CATASTRAL", "edificio": null, "edificio_e": null, "numero_int": null, "letra_int": null, "tipo_asent": "COLONIA", "nomb_asent": "NUCLEO ZODZIL", "tipoCenCom": null, "nom_CenCom": null, "num_local": null, "cod_postal": "97300", "cve_ent": "31", "entidad": "Yucat?n", "cve_mun": "050", "municipio": "M?rida", "cve_loc": "0001", "localidad": "M?rida", "ageb": "3591", "manzana": "004", "telefono": null, "correoelec": "MAYA@FULLGAS.COM.MX", "www": null, "tipoUniEco": "Fijo", "latitud": 21.05765798, "longitud": -89.6314316, "fecha_alta": "2014-12", "layer": "Com_men_4", "path": "D:/Trabajos/Contaminantes/DENUE/Comercio_menor/Com_men_4.shp" }, "geometry": { "type": "Point", "coordinates": [ -89.631431600000013, 21.05765798 ] } },
{ "type": "Feature", "properties": { "id": 4516085, "clee": "31050468411001513000059381S3", "nom_estab": "SERVICIO MONTECARLO NORTE", "raz_social": "ENERKOM CONSULTORIA EN ADMINISTRACION", "codigo_act": "468411", "nombre_act": "Comercio al por menor de gasolina y diesel", "per_ocu": "11 a 30 personas", "tipo_vial": "CALLE", "nom_vial": "24", "tipo_v_e_1": "PERIFERICO", "nom_v_e_1": "LICENCIADO MANUEL BERZUNZA", "tipo_v_e_2": "CALLE", "nom_v_e_2": "19", "tipo_v_e_3": "CALLE", "nom_v_e_3": "26", "numero_ext": "19140", "letra_ext": "TABLAJE CATASTRAL", "edificio": null, "edificio_e": null, "numero_int": null, "letra_int": null, "tipo_asent": "FRACCIONAMIENTO", "nomb_asent": "MONTECARLO", "tipoCenCom": null, "nom_CenCom": null, "num_local": null, "cod_postal": "97130", "cve_ent": "31", "entidad": "Yucat?n", "cve_mun": "050", "municipio": "M?rida", "cve_loc": "0001", "localidad": "M?rida", "ageb": "5600", "manzana": "020", "telefono": null, "correoelec": "JEFATURA.CONTABLE@ENERKOM.COM.MX", "www": "WWW.ENERKOM.COM.MX", "tipoUniEco": "Fijo", "latitud": 21.02846249, "longitud": -89.57767633, "fecha_alta": "2014-12", "layer": "Com_men_4", "path": "D:/Trabajos/Contaminantes/DENUE/Comercio_menor/Com_men_4.shp" }, "geometry": { "type": "Point", "coordinates": [ -89.57767633, 21.02846249 ] } },
{ "type": "Feature", "properties": { "id": 4516086, "clee": "31050468411001193002016672S4", "nom_estab": "ESTACION DE SERVICIOS BOLICHE", "raz_social": "ADMINISTRACION DE ESTACIONES DEL SURESTE", "codigo_act": "468411", "nombre_act": "Comercio al por menor de gasolina y diesel", "per_ocu": "0 a 5 personas", "tipo_vial": "CALLE", "nom_vial": "20", "tipo_v_e_1": "CALLE", "nom_v_e_1": "1 C", "tipo_v_e_2": "CALLE", "nom_v_e_2": "1 B", "tipo_v_e_3": "CALLE", "nom_v_e_3": "18", "numero_ext": "20", "letra_ext": null, "edificio": null, "edificio_e": null, "numero_int": null, "letra_int": null, "tipo_asent": "COLONIA", "nomb_asent": "MEXICO NORTE", "tipoCenCom": null, "nom_CenCom": null, "num_local": null, "cod_postal": "97128", "cve_ent": "31", "entidad": "Yucat?n", "cve_mun": "050", "municipio": "M?rida", "cve_loc": "0001", "localidad": "M?rida", "ageb": "4833", "manzana": "024", "telefono": "9811708928", "correoelec": "CONTADOR.NOMINAS@CORPORATIVOGES.COM", "www": null, "tipoUniEco": "Fijo", "latitud": 21.01538034, "longitud": -89.60804977, "fecha_alta": "2010-07", "layer": "Com_men_4", "path": "D:/Trabajos/Contaminantes/DENUE/Comercio_menor/Com_men_4.shp" }, "geometry": { "type": "Point", "coordinates": [ -89.60804977, 21.01538034 ] } },
{ "type": "Feature", "properties": { "id": 4516087, "clee": "31050468411001173000000000U6", "nom_estab": "SERVICOMBUSTIBLES LOS REYES", "raz_social": "SERVICOMBUSTIBLES LOS REYES", "codigo_act": "468411", "nombre_act": "Comercio al por menor de gasolina y diesel", "per_ocu": "11 a 30 personas", "tipo_vial": "CALLE", "nom_vial": "7 45", "tipo_v_e_1": "CALLE", "nom_v_e_1": "38", "tipo_v_e_2": "CALLE", "nom_v_e_2": "36", "tipo_v_e_3": "CALLE", "nom_v_e_3": "9", "numero_ext": "482", "letra_ext": null, "edificio": null, "edificio_e": null, "numero_int": null, "letra_int": null, "tipo_asent": "COLONIA", "nomb_asent": "LOS REYES", "tipoCenCom": null, "nom_CenCom": null, "num_local": null, "cod_postal": "97156", "cve_ent": "31", "entidad": "Yucat?n", "cve_mun": "050", "municipio": "M?rida", "cve_loc": "0001", "localidad": "M?rida", "ageb": "2818", "manzana": "024", "telefono": null, "correoelec": "SERV_LOSREYES@GRUPOLAMOL.COM.MX", "www": "WWW.GRUPOLAMOL.COM.MX", "tipoUniEco": "Fijo", "latitud": 20.98131185, "longitud": -89.57330713, "fecha_alta": "2014-12", "layer": "Com_men_4", "path": "D:/Trabajos/Contaminantes/DENUE/Comercio_menor/Com_men_4.shp" }, "geometry": { "type": "Point", "coordinates": [ -89.57330713, 20.98131185 ] } },
{ "type": "Feature", "properties": { "id": 4516097, "clee": "31101468411000022002021067M7", "nom_estab": "GASOLINERA ESTACION DE SERVICIO E09269", "raz_social": "SERVICIO EL ROBLE", "codigo_act": "468411", "nombre_act": "Comercio al por menor de gasolina y diesel", "per_ocu": "11 a 30 personas", "tipo_vial": "PERIFERICO", "nom_vial": "LICENCIADO MANUEL BERZUNZA", "tipo_v_e_1": "CALLE", "nom_v_e_1": "57", "tipo_v_e_2": "CALLE", "nom_v_e_2": "55", "tipo_v_e_3": "CALLE", "nom_v_e_3": "32", "numero_ext": null, "letra_ext": "SN", "edificio": null, "edificio_e": null, "numero_int": null, "letra_int": null, "tipo_asent": "COLONIA", "nomb_asent": "ROBLE AGR?COLA", "tipoCenCom": null, "nom_CenCom": null, "num_local": null, "cod_postal": "97390", "cve_ent": "31", "entidad": "Yucat?n", "cve_mun": "050", "municipio": "M?rida", "cve_loc": "0001", "localidad": "M?rida", "ageb": "0474", "manzana": "006", "telefono": null, "correoelec": "AGRICOLA@LABSERGAS.NET", "www": null, "tipoUniEco": "Fijo", "latitud": 20.91488734, "longitud": -89.68316286, "fecha_alta": "2010-07", "layer": "Com_men_4", "path": "D:/Trabajos/Contaminantes/DENUE/Comercio_menor/Com_men_4.shp" }, "geometry": { "type": "Point", "coordinates": [ -89.68316286, 20.91488734 ] } },
{ "type": "Feature", "properties": { "id": 4518523, "clee": "31050468411000963002000000U1", "nom_estab": "GASOLINERA PEMEX E5879", "raz_social": "COMBUSTIBLES Y LUBRICANTES DE MONTEJO", "codigo_act": "468411", "nombre_act": "Comercio al por menor de gasolina y diesel", "per_ocu": "6 a 10 personas", "tipo_vial": "CALLE", "nom_vial": "51", "tipo_v_e_1": "CALLE", "nom_v_e_1": "48", "tipo_v_e_2": "CALLE", "nom_v_e_2": "50", "tipo_v_e_3": "CALLE", "nom_v_e_3": "49 C", "numero_ext": "298", "letra_ext": null, "edificio": null, "edificio_e": null, "numero_int": null, "letra_int": null, "tipo_asent": "FRACCIONAMIENTO", "nomb_asent": "FRANCISCO DE MONTEJO", "tipoCenCom": null, "nom_CenCom": null, "num_local": null, "cod_postal": "97203", "cve_ent": "31", "entidad": "Yucat?n", "cve_mun": "050", "municipio": "M?rida", "cve_loc": "0001", "localidad": "M?rida", "ageb": "3712", "manzana": "003", "telefono": null, "correoelec": "WILBERT.MALDONADO@ENINFINITUM.COM", "www": null, "tipoUniEco": "Fijo", "latitud": 21.03152871, "longitud": -89.64578279, "fecha_alta": "2014-12", "layer": "Com_men_4", "path": "D:/Trabajos/Contaminantes/DENUE/Comercio_menor/Com_men_4.shp" }, "geometry": { "type": "Point", "coordinates": [ -89.64578279, 21.03152871 ] } },
{ "type": "Feature", "properties": { "id": 4520514, "clee": "31050468411001153002026609M8", "nom_estab": "ESTACION TANLUM", "raz_social": "SERVICIOS HIDASA", "codigo_act": "468411", "nombre_act": "Comercio al por menor de gasolina y diesel", "per_ocu": "0 a 5 personas", "tipo_vial": "CALLE", "nom_vial": "37 DIAGONAL", "tipo_v_e_1": "CALLE", "nom_v_e_1": "20", "tipo_v_e_2": "CALLE", "nom_v_e_2": "8", "tipo_v_e_3": "CALLE", "nom_v_e_3": "20", "numero_ext": "395", "letra_ext": null, "edificio": null, "edificio_e": null, "numero_int": null, "letra_int": null, "tipo_asent": "COLONIA", "nomb_asent": "PEDREGALES DE TANLUM", "tipoCenCom": null, "nom_CenCom": null, "num_local": null, "cod_postal": "97210", "cve_ent": "31", "entidad": "Yucat?n", "cve_mun": "050", "municipio": "M?rida", "cve_loc": "0001", "localidad": "M?rida", "ageb": "249A", "manzana": "027", "telefono": null, "correoelec": "CONTADORGENERAL@GMEGASUR.COM.MX", "www": null, "tipoUniEco": "Fijo", "latitud": 20.99837739, "longitud": -89.62700042, "fecha_alta": "2014-12", "layer": "Com_men_4", "path": "D:/Trabajos/Contaminantes/DENUE/Comercio_menor/Com_men_4.shp" }, "geometry": { "type": "Point", "coordinates": [ -89.62700042, 20.99837739 ] } },
{ "type": "Feature", "properties": { "id": 4522632, "clee": "31050468411001163000000000U7", "nom_estab": "ESTACION DE SERVICIO JUAN PABLO", "raz_social": "ESTACI?N DE SERVICIOS JUAN PABLO", "codigo_act": "468411", "nombre_act": "Comercio al por menor de gasolina y diesel", "per_ocu": "11 a 30 personas", "tipo_vial": "AVENIDA", "nom_vial": "JUAN PABLO II (65 A)", "tipo_v_e_1": "CALLE", "nom_v_e_1": "120", "tipo_v_e_2": "CALLE", "nom_v_e_2": "118 A", "tipo_v_e_3": "CALLE", "nom_v_e_3": "67", "numero_ext": "996", "letra_ext": null, "edificio": null, "edificio_e": null, "numero_int": null, "letra_int": null, "tipo_asent": "COLONIA", "nomb_asent": "XOCL?N", "tipoCenCom": null, "nom_CenCom": null, "num_local": null, "cod_postal": "97246", "cve_ent": "31", "entidad": "Yucat?n", "cve_mun": "050", "municipio": "M?rida", "cve_loc": "0001", "localidad": "M?rida", "ageb": "2080", "manzana": "007", "telefono": null, "correoelec": "ESTACION.JUANPABLO@GMAIL.COM", "www": "WWW.GRUPOLAMOL.COM.MX", "tipoUniEco": "Fijo", "latitud": 20.96137442, "longitud": -89.66336856, "fecha_alta": "2014-12", "layer": "Com_men_4", "path": "D:/Trabajos/Contaminantes/DENUE/Comercio_menor/Com_men_4.shp" }, "geometry": { "type": "Point", "coordinates": [ -89.66336856, 20.96137442 ] } },
{ "type": "Feature", "properties": { "id": 4523764, "clee": "31050468411001253001057854M6", "nom_estab": "ESTACION DE SERVICIO JUAN PABLO", "raz_social": "ESTACION DE SERVICIO JP SEGUNDO", "codigo_act": "468411", "nombre_act": "Comercio al por menor de gasolina y diesel", "per_ocu": "6 a 10 personas", "tipo_vial": "AVENIDA", "nom_vial": "22", "tipo_v_e_1": "CALLE", "nom_v_e_1": "35", "tipo_v_e_2": "CALLE", "nom_v_e_2": "41", "tipo_v_e_3": "CALLE", "nom_v_e_3": "20 A", "numero_ext": null, "letra_ext": "SN", "edificio": null, "edificio_e": null, "numero_int": null, "letra_int": "SN", "tipo_asent": "FRACCIONAMIENTO", "nomb_asent": "JUAN PABLO II", "tipoCenCom": null, "nom_CenCom": null, "num_local": null, "cod_postal": "97246", "cve_ent": "31", "entidad": "Yucat?n", "cve_mun": "050", "municipio": "M?rida", "cve_loc": "0001", "localidad": "M?rida", "ageb": "3799", "manzana": "006", "telefono": null, "correoelec": "CONTADORGENERAL@GMEGASUR.COM.MX", "www": "WWW.MEGASUR.COM.MX", "tipoUniEco": "Fijo", "latitud": 20.96865008, "longitud": -89.67745996, "fecha_alta": "2010-07", "layer": "Com_men_4", "path": "D:/Trabajos/Contaminantes/DENUE/Comercio_menor/Com_men_4.shp" }, "geometry": { "type": "Point", "coordinates": [ -89.67745996, 20.96865008 ] } },
{ "type": "Feature", "properties": { "id": 4535947, "clee": "31050468411001443000000000U3", "nom_estab": "ESTACION DE SERVICIO SIDERURGICA", "raz_social": "ESTACION DE SERVICIO SIDERURGICA", "codigo_act": "468411", "nombre_act": "Comercio al por menor de gasolina y diesel", "per_ocu": "11 a 30 personas", "tipo_vial": "CALLE", "nom_vial": "60", "tipo_v_e_1": "CALLE", "nom_v_e_1": "21", "tipo_v_e_2": "CALLE", "nom_v_e_2": "23", "tipo_v_e_3": "CALLE", "nom_v_e_3": "48", "numero_ext": null, "letra_ext": "SN", "edificio": null, "edificio_e": null, "numero_int": null, "letra_int": null, "tipo_asent": "COLONIA", "nomb_asent": "AMPLIACION REVOLUCION", "tipoCenCom": null, "nom_CenCom": null, "num_local": null, "cod_postal": "97115", "cve_ent": "31", "entidad": "Yucat?n", "cve_mun": "050", "municipio": "M?rida", "cve_loc": "0001", "localidad": "M?rida", "ageb": "6492", "manzana": "029", "telefono": null, "correoelec": "GSANMARTIN@APUERTONAJERA.COM", "www": null, "tipoUniEco": "Fijo", "latitud": 21.04410318, "longitud": -89.62913252, "fecha_alta": "2014-12", "layer": "Com_men_4", "path": "D:/Trabajos/Contaminantes/DENUE/Comercio_menor/Com_men_4.shp" }, "geometry": { "type": "Point", "coordinates": [ -89.62913252, 21.04410318 ] } },
{ "type": "Feature", "properties": { "id": 4536016, "clee": "31050468412000133001000000U9", "nom_estab": "ABIMERHI PREMIER", "raz_social": "GAS Y DERIVADOS", "codigo_act": "468412", "nombre_act": "Comercio al por menor de gas L. P. en cilindros y para tanques estacionarios", "per_ocu": "51 a 100 personas", "tipo_vial": "PERIFERICO", "nom_vial": "LICENCIADO MANUEL BERZUNZA", "tipo_v_e_1": "CALLE", "nom_v_e_1": "NINGUNO", "tipo_v_e_2": "CALLE", "nom_v_e_2": "25", "tipo_v_e_3": "CALLE", "nom_v_e_3": "NINGUNO", "numero_ext": null, "letra_ext": "SN", "edificio": null, "edificio_e": null, "numero_int": null, "letra_int": null, "tipo_asent": "COLONIA", "nomb_asent": "SANTA GERTRUDIS COPO", "tipoCenCom": null, "nom_CenCom": null, "num_local": null, "cod_postal": "97300", "cve_ent": "31", "entidad": "Yucat?n", "cve_mun": "050", "municipio": "M?rida", "cve_loc": "0001", "localidad": "M?rida", "ageb": "6789", "manzana": "001", "telefono": "9992786107", "correoelec": "RLOPEZ@ABIMERHI.COM", "www": null, "tipoUniEco": "Fijo", "latitud": 21.04494717, "longitud": -89.614405, "fecha_alta": "2014-12", "layer": "Com_men_4", "path": "D:/Trabajos/Contaminantes/DENUE/Comercio_menor/Com_men_4.shp" }, "geometry": { "type": "Point", "coordinates": [ -89.614405, 21.04494717 ] } },
{ "type": "Feature", "properties": { "id": 4537582, "clee": "31050468411001392001000000U2", "nom_estab": "SERVICIO FLORIDA", "raz_social": "COMBUSTIBLES Y LUBRICANTES LA FLORIDA", "codigo_act": "468411", "nombre_act": "Comercio al por menor de gasolina y diesel", "per_ocu": "11 a 30 personas", "tipo_vial": "CALLE", "nom_vial": "17", "tipo_v_e_1": "AVENIDA", "nom_v_e_1": "YUCAT?N (17)", "tipo_v_e_2": "CALLE", "nom_v_e_2": "21", "tipo_v_e_3": "CALLE", "nom_v_e_3": "NINGUNO", "numero_ext": "252", "letra_ext": null, "edificio": null, "edificio_e": null, "numero_int": null, "letra_int": null, "tipo_asent": "FRACCIONAMIENTO", "nomb_asent": "LA FLORIDA", "tipoCenCom": null, "nom_CenCom": null, "num_local": null, "cod_postal": "97138", "cve_ent": "31", "entidad": "Yucat?n", "cve_mun": "050", "municipio": "M?rida", "cve_loc": "0001", "localidad": "M?rida", "ageb": "4195", "manzana": "034", "telefono": null, "correoelec": "FCOMENDICUTITOVAR@HOTMAIL.COM", "www": null, "tipoUniEco": "Fijo", "latitud": 21.01060613, "longitud": -89.57462169, "fecha_alta": "2014-12", "layer": "Com_men_4", "path": "D:/Trabajos/Contaminantes/DENUE/Comercio_menor/Com_men_4.shp" }, "geometry": { "type": "Point", "coordinates": [ -89.57462169, 21.01060613 ] } },
{ "type": "Feature", "properties": { "id": 4550849, "clee": "31050468411001473001000000U0", "nom_estab": "ESTACION TECOH", "raz_social": "COMBUSTIBLES METROPOLISUR", "codigo_act": "468411", "nombre_act": "Comercio al por menor de gasolina y diesel", "per_ocu": "0 a 5 personas", "tipo_vial": "CALLE", "nom_vial": "135", "tipo_v_e_1": "CALLE", "nom_v_e_1": "56", "tipo_v_e_2": "CALLE", "nom_v_e_2": "54", "tipo_v_e_3": "CALLE", "nom_v_e_3": "135 A", "numero_ext": "446", "letra_ext": "A", "edificio": null, "edificio_e": null, "numero_int": null, "letra_int": null, "tipo_asent": "COLONIA", "nomb_asent": "SAN JOS? TECOH", "tipoCenCom": null, "nom_CenCom": null, "num_local": null, "cod_postal": "97229", "cve_ent": "31", "entidad": "Yucat?n", "cve_mun": "050", "municipio": "M?rida", "cve_loc": "0001", "localidad": "M?rida", "ageb": "5117", "manzana": "013", "telefono": null, "correoelec": "CONTADORGENERAL@GMEGASUR.COM.MX", "www": null, "tipoUniEco": "Fijo", "latitud": 20.92197278, "longitud": -89.62796425000001, "fecha_alta": "2014-12", "layer": "Com_men_4", "path": "D:/Trabajos/Contaminantes/DENUE/Comercio_menor/Com_men_4.shp" }, "geometry": { "type": "Point", "coordinates": [ -89.62796425, 20.92197278 ] } },
{ "type": "Feature", "properties": { "id": 4572710, "clee": "31050468411000843001000000U5", "nom_estab": "IMPULSO ENERGETICO", "raz_social": "IMPULSO ENERGETICO", "codigo_act": "468411", "nombre_act": "Comercio al por menor de gasolina y diesel", "per_ocu": "11 a 30 personas", "tipo_vial": "CALLE", "nom_vial": "1 (CALLE 20C DIAGONAL)", "tipo_v_e_1": "CALLE", "nom_v_e_1": "20 C DIAGONAL", "tipo_v_e_2": "CALLE", "nom_v_e_2": "5 D", "tipo_v_e_3": "CALLE", "nom_v_e_3": "20 A", "numero_ext": "338", "letra_ext": "A", "edificio": null, "edificio_e": null, "numero_int": null, "letra_int": null, "tipo_asent": "COLONIA", "nomb_asent": "XCUMPICH", "tipoCenCom": null, "nom_CenCom": null, "num_local": null, "cod_postal": "97204", "cve_ent": "31", "entidad": "Yucat?n", "cve_mun": "050", "municipio": "M?rida", "cve_loc": "0001", "localidad": "M?rida", "ageb": "2451", "manzana": "045", "telefono": null, "correoelec": "GAS_XCUMPICH@HOTMAIL.COM", "www": null, "tipoUniEco": "Fijo", "latitud": 21.03010824, "longitud": -89.63296917, "fecha_alta": "2010-07", "layer": "Com_men_4", "path": "D:/Trabajos/Contaminantes/DENUE/Comercio_menor/Com_men_4.shp" }, "geometry": { "type": "Point", "coordinates": [ -89.63296917, 21.03010824 ] } },
{ "type": "Feature", "properties": { "id": 4575979, "clee": "31050468411000593000000000U6", "nom_estab": "COMERCIO DE GASOLINA Y DIESEL SIN NOMBRE", "raz_social": null, "codigo_act": "468411", "nombre_act": "Comercio al por menor de gasolina y diesel", "per_ocu": "6 a 10 personas", "tipo_vial": "AVENIDA", "nom_vial": "TECNOL?GICO (60)", "tipo_v_e_1": "CALLE", "nom_v_e_1": "27", "tipo_v_e_2": "CALLE", "nom_v_e_2": "29", "tipo_v_e_3": "OTRO(ESPECIFIQUE)", "nom_v_e_3": "38 A", "numero_ext": "280", "letra_ext": null, "edificio": null, "edificio_e": null, "numero_int": null, "letra_int": null, "tipo_asent": "COLONIA", "nomb_asent": "BUENAVISTA", "tipoCenCom": null, "nom_CenCom": null, "num_local": null, "cod_postal": "97127", "cve_ent": "31", "entidad": "Yucat?n", "cve_mun": "050", "municipio": "M?rida", "cve_loc": "0001", "localidad": "M?rida", "ageb": "2409", "manzana": "022", "telefono": null, "correoelec": "DORA_MAR555@HOTMAIL.COM", "www": null, "tipoUniEco": "Fijo", "latitud": 21.00067365, "longitud": -89.62193123, "fecha_alta": "2010-07", "layer": "Com_men_4", "path": "D:/Trabajos/Contaminantes/DENUE/Comercio_menor/Com_men_4.shp" }, "geometry": { "type": "Point", "coordinates": [ -89.62193123, 21.00067365 ] } },
{ "type": "Feature", "properties": { "id": 4576138, "clee": "31050468411000553001000000U0", "nom_estab": "GASOLINERA DE SANTANA", "raz_social": null, "codigo_act": "468411", "nombre_act": "Comercio al por menor de gasolina y diesel", "per_ocu": "6 a 10 personas", "tipo_vial": "CALLE", "nom_vial": "47", "tipo_v_e_1": "CALLE", "nom_v_e_1": "58", "tipo_v_e_2": "ANDADOR", "nom_v_e_2": "58 A", "tipo_v_e_3": "CALLE", "nom_v_e_3": "45", "numero_ext": "433", "letra_ext": null, "edificio": null, "edificio_e": null, "numero_int": null, "letra_int": null, "tipo_asent": "CIUDAD", "nomb_asent": "CENTRO", "tipoCenCom": null, "nom_CenCom": null, "num_local": null, "cod_postal": "97000", "cve_ent": "31", "entidad": "Yucat?n", "cve_mun": "050", "municipio": "M?rida", "cve_loc": "0001", "localidad": "M?rida", "ageb": "0328", "manzana": "013", "telefono": null, "correoelec": "VENTAS_GASOLINERA_ISELACANTO@HOTMAIL.COM", "www": null, "tipoUniEco": "Fijo", "latitud": 20.97538222, "longitud": -89.62049744, "fecha_alta": "2010-07", "layer": "Com_men_4", "path": "D:/Trabajos/Contaminantes/DENUE/Comercio_menor/Com_men_4.shp" }, "geometry": { "type": "Point", "coordinates": [ -89.62049744, 20.97538222 ] } },
{ "type": "Feature", "properties": { "id": 4577435, "clee": "31050468411000322001000000U0", "nom_estab": "COMBUSTIBLES DE TANLUM", "raz_social": "COMBUSTIBLES DE TANLUM", "codigo_act": "468411", "nombre_act": "Comercio al por menor de gasolina y diesel", "per_ocu": "6 a 10 personas", "tipo_vial": "CALLE", "nom_vial": "43", "tipo_v_e_1": "CALLE", "nom_v_e_1": "1 A (32A)", "tipo_v_e_2": "CALLE", "nom_v_e_2": "32", "tipo_v_e_3": "CALLE", "nom_v_e_3": "41", "numero_ext": "395", "letra_ext": null, "edificio": null, "edificio_e": null, "numero_int": null, "letra_int": null, "tipo_asent": "COLONIA", "nomb_asent": "PEDREGALES DE TANLUM", "tipoCenCom": null, "nom_CenCom": null, "num_local": null, "cod_postal": "97210", "cve_ent": "31", "entidad": "Yucat?n", "cve_mun": "050", "municipio": "M?rida", "cve_loc": "0001", "localidad": "M?rida", "ageb": "1487", "manzana": "033", "telefono": null, "correoelec": "FCOMENDICUTIOVAR@HOTMAIL.COM", "www": null, "tipoUniEco": "Fijo", "latitud": 21.00205764, "longitud": -89.6388535, "fecha_alta": "2010-07", "layer": "Com_men_4", "path": "D:/Trabajos/Contaminantes/DENUE/Comercio_menor/Com_men_4.shp" }, "geometry": { "type": "Point", "coordinates": [ -89.6388535, 21.00205764 ] } },
{ "type": "Feature", "properties": { "id": 4577676, "clee": "31050468411000563001057860M9", "nom_estab": "ESTACION BUENAVISTA", "raz_social": "GASOLINERA DE MERIDA", "codigo_act": "468411", "nombre_act": "Comercio al por menor de gasolina y diesel", "per_ocu": "0 a 5 personas", "tipo_vial": "AVENIDA", "nom_vial": "TECNOL?GICO CALLE 60", "tipo_v_e_1": "CIRCUITO", "nom_v_e_1": "COLONIAS", "tipo_v_e_2": "CALLE", "nom_v_e_2": "NINGUNO", "tipo_v_e_3": "CIRCUITO", "nom_v_e_3": "COLONIAS (22)", "numero_ext": "277", "letra_ext": null, "edificio": null, "edificio_e": null, "numero_int": "0", "letra_int": "SN", "tipo_asent": "COLONIA", "nomb_asent": "CHUBURN? DE HIDALGO", "tipoCenCom": null, "nom_CenCom": null, "num_local": null, "cod_postal": "97127", "cve_ent": "31", "entidad": "Yucat?n", "cve_mun": "050", "municipio": "M?rida", "cve_loc": "0001", "localidad": "M?rida", "ageb": "249A", "manzana": "026", "telefono": null, "correoelec": "CONTADORGENERAL@GMEGASUR.COM.MX", "www": null, "tipoUniEco": "Fijo", "latitud": 20.99738704, "longitud": -89.62147778000001, "fecha_alta": "2010-07", "layer": "Com_men_4", "path": "D:/Trabajos/Contaminantes/DENUE/Comercio_menor/Com_men_4.shp" }, "geometry": { "type": "Point", "coordinates": [ -89.62147778, 20.99738704 ] } },
{ "type": "Feature", "properties": { "id": 4578738, "clee": "31050468411000773001000000U4", "nom_estab": "OKTAN", "raz_social": "SERVI PENINSULAR", "codigo_act": "468411", "nombre_act": "Comercio al por menor de gasolina y diesel", "per_ocu": "11 a 30 personas", "tipo_vial": "AVENIDA", "nom_vial": "59 A", "tipo_v_e_1": "CALLE", "nom_v_e_1": "60", "tipo_v_e_2": "CALLE", "nom_v_e_2": "58 A", "tipo_v_e_3": "CALLE", "nom_v_e_3": "55", "numero_ext": "807", "letra_ext": null, "edificio": null, "edificio_e": null, "numero_int": null, "letra_int": null, "tipo_asent": "FRACCIONAMIENTO", "nomb_asent": "JACINTO CANEK", "tipoCenCom": null, "nom_CenCom": null, "num_local": null, "cod_postal": "97229", "cve_ent": "31", "entidad": "Yucat?n", "cve_mun": "050", "municipio": "M?rida", "cve_loc": "0001", "localidad": "M?rida", "ageb": "2593", "manzana": "019", "telefono": null, "correoelec": "SERVIPENISULAR@HOTMAIL.COM", "www": "WWW.OKTAN.COM", "tipoUniEco": "Fijo", "latitud": 20.98703469, "longitud": -89.65747961, "fecha_alta": "2010-07", "layer": "Com_men_4", "path": "D:/Trabajos/Contaminantes/DENUE/Comercio_menor/Com_men_4.shp" }, "geometry": { "type": "Point", "coordinates": [ -89.65747961, 20.98703469 ] } },
{ "type": "Feature", "properties": { "id": 4579778, "clee": "31050468411000933000000000U4", "nom_estab": "GASOLINERA SERVICIO LOPEZ", "raz_social": "GASOLINERA LOPEZ", "codigo_act": "468411", "nombre_act": "Comercio al por menor de gasolina y diesel", "per_ocu": "11 a 30 personas", "tipo_vial": "CALLE", "nom_vial": "67 A", "tipo_v_e_1": "CALLE", "nom_v_e_1": "64", "tipo_v_e_2": "CALLE", "nom_v_e_2": "62", "tipo_v_e_3": "CALLE", "nom_v_e_3": "67", "numero_ext": "539", "letra_ext": null, "edificio": null, "edificio_e": null, "numero_int": null, "letra_int": null, "tipo_asent": "CIUDAD", "nomb_asent": "CENTRO", "tipoCenCom": null, "nom_CenCom": null, "num_local": null, "cod_postal": "97000", "cve_ent": "31", "entidad": "Yucat?n", "cve_mun": "050", "municipio": "M?rida", "cve_loc": "0001", "localidad": "M?rida", "ageb": "0506", "manzana": "012", "telefono": null, "correoelec": "SERVICIOLOPEZ5@HOTMAIL.COM", "www": null, "tipoUniEco": "Fijo", "latitud": 20.96311275, "longitud": -89.62652062, "fecha_alta": "2010-07", "layer": "Com_men_4", "path": "D:/Trabajos/Contaminantes/DENUE/Comercio_menor/Com_men_4.shp" }, "geometry": { "type": "Point", "coordinates": [ -89.62652062, 20.96311275 ] } },
{ "type": "Feature", "properties": { "id": 4580390, "clee": "31050468411000783101000000U3", "nom_estab": "ES2470 SERVICIOS DEL FRENTE UNICO DE TRABAJADORES DEL VOLANTE DEL ESTADO DE YUCATAN", "raz_social": "SERVICIOS DEL FRENTE UNICO DE TRABAJADORES DEL VOLANTE DEL ESTADO DE YUCATAN", "codigo_act": "468411", "nombre_act": "Comercio al por menor de gasolina y diesel", "per_ocu": "11 a 30 personas", "tipo_vial": "CALLE", "nom_vial": "59", "tipo_v_e_1": "CALLE", "nom_v_e_1": "82", "tipo_v_e_2": "CALLE", "nom_v_e_2": "84", "tipo_v_e_3": "CALLE", "nom_v_e_3": "59A", "numero_ext": "621", "letra_ext": null, "edificio": null, "edificio_e": null, "numero_int": null, "letra_int": null, "tipo_asent": "COLONIA", "nomb_asent": "CENTRO", "tipoCenCom": null, "nom_CenCom": null, "num_local": null, "cod_postal": "97000", "cve_ent": "31", "entidad": "Yucat?n", "cve_mun": "050", "municipio": "M?rida", "cve_loc": "0001", "localidad": "M?rida", "ageb": "0421", "manzana": "015", "telefono": null, "correoelec": "USUARIO1_CONTABLE@GRUPOLAMOL.COM.MX", "www": "WWW.GRUPOLAMOL.COM.MX", "tipoUniEco": "Fijo", "latitud": 20.97351285, "longitud": -89.63750938, "fecha_alta": "2010-07", "layer": "Com_men_4", "path": "D:/Trabajos/Contaminantes/DENUE/Comercio_menor/Com_men_4.shp" }, "geometry": { "type": "Point", "coordinates": [ -89.63750938, 20.97351285 ] } },
{ "type": "Feature", "properties": { "id": 4581118, "clee": "31050468411000713001039500S0", "nom_estab": "SERVICOMBUSTIBLES INSURGENTES", "raz_social": "SERVICOMBUSTIBLES INSURGENTES", "codigo_act": "468411", "nombre_act": "Comercio al por menor de gasolina y diesel", "per_ocu": "11 a 30 personas", "tipo_vial": "CALLE", "nom_vial": "59", "tipo_v_e_1": "CALLE", "nom_v_e_1": "84", "tipo_v_e_2": "CALLE", "nom_v_e_2": "82", "tipo_v_e_3": "CALLE", "nom_v_e_3": "59 A", "numero_ext": "621", "letra_ext": null, "edificio": null, "edificio_e": null, "numero_int": "3", "letra_int": null, "tipo_asent": "COLONIA", "nomb_asent": "CENTRO", "tipoCenCom": null, "nom_CenCom": null, "num_local": null, "cod_postal": "97000", "cve_ent": "31", "entidad": "Yucat?n", "cve_mun": "050", "municipio": "M?rida", "cve_loc": "0001", "localidad": "M?rida", "ageb": "0421", "manzana": "015", "telefono": null, "correoelec": "CONTAB.LAMOLIC@GRUPOLAMOL.COM.MX", "www": null, "tipoUniEco": "Fijo", "latitud": 20.97117836, "longitud": -89.63879352, "fecha_alta": "2010-07", "layer": "Com_men_4", "path": "D:/Trabajos/Contaminantes/DENUE/Comercio_menor/Com_men_4.shp" }, "geometry": { "type": "Point", "coordinates": [ -89.63879352, 20.97117836 ] } },
{ "type": "Feature", "properties": { "id": 4581673, "clee": "31050468411000453001000000U3", "nom_estab": "GASOLINERA G500 ITZAEZ", "raz_social": "INTERNACIONAL DE COMBUSTIBLES", "codigo_act": "468411", "nombre_act": "Comercio al por menor de gasolina y diesel", "per_ocu": "11 a 30 personas", "tipo_vial": "AVENIDA", "nom_vial": "ITZ?ES (86 B)", "tipo_v_e_1": "CALLE", "nom_v_e_1": "73", "tipo_v_e_2": "CALLE", "nom_v_e_2": "77", "tipo_v_e_3": "OTRO(ESPECIFIQUE)", "nom_v_e_3": "82", "numero_ext": "544", "letra_ext": "A", "edificio": null, "edificio_e": null, "numero_int": "0", "letra_int": "SN", "tipo_asent": "CIUDAD", "nomb_asent": "CENTRO", "tipoCenCom": null, "nom_CenCom": null, "num_local": null, "cod_postal": "97000", "cve_ent": "31", "entidad": "Yucat?n", "cve_mun": "050", "municipio": "M?rida", "cve_loc": "0001", "localidad": "M?rida", "ageb": "060A", "manzana": "034", "telefono": null, "correoelec": "FERNANDO.BAAS@GRUPOABOL.COM", "www": "WWW.G500.COM", "tipoUniEco": "Fijo", "latitud": 20.95959436, "longitud": -89.64192054, "fecha_alta": "2010-07", "layer": "Com_men_4", "path": "D:/Trabajos/Contaminantes/DENUE/Comercio_menor/Com_men_4.shp" }, "geometry": { "type": "Point", "coordinates": [ -89.64192054, 20.95959436 ] } },
{ "type": "Feature", "properties": { "id": 4583314, "clee": "31050468411000573000057856M8", "nom_estab": "GASOLINERA COMBUSTIBLES PERIFERICO SUR ESTACION 9317", "raz_social": "COMBUSTIBLES PERIFERICO SUR", "codigo_act": "468411", "nombre_act": "Comercio al por menor de gasolina y diesel", "per_ocu": "11 a 30 personas", "tipo_vial": "AVENIDA", "nom_vial": "31", "tipo_v_e_1": "CALLE", "nom_v_e_1": "NINGUNO", "tipo_v_e_2": "AVENIDA", "nom_v_e_2": "23", "tipo_v_e_3": "CALLE", "nom_v_e_3": "23", "numero_ext": "650", "letra_ext": null, "edificio": null, "edificio_e": null, "numero_int": null, "letra_int": null, "tipo_asent": "FRACCIONAMIENTO", "nomb_asent": "CIUDAD CAUCEL", "tipoCenCom": null, "nom_CenCom": null, "num_local": null, "cod_postal": "97300", "cve_ent": "31", "entidad": "Yucat?n", "cve_mun": "050", "municipio": "M?rida", "cve_loc": "0075", "localidad": "Caucel", "ageb": "4458", "manzana": "024", "telefono": null, "correoelec": "CAUCEL@CORPORATIVOLUGAY.COM.MX", "www": null, "tipoUniEco": "Fijo", "latitud": 21.00620463, "longitud": -89.69305585, "fecha_alta": "2010-07", "layer": "Com_men_4", "path": "D:/Trabajos/Contaminantes/DENUE/Comercio_menor/Com_men_4.shp" }, "geometry": { "type": "Point", "coordinates": [ -89.69305585, 21.00620463 ] } },
{ "type": "Feature", "properties": { "id": 4583544, "clee": "31050468411000382100000000U4", "nom_estab": "G500 ESTACIONES DE SERVICIO", "raz_social": "ABOL ESTACIONES DE SERVICIO", "codigo_act": "468411", "nombre_act": "Comercio al por menor de gasolina y diesel", "per_ocu": "6 a 10 personas", "tipo_vial": "CALLE", "nom_vial": "64", "tipo_v_e_1": "CALLE", "nom_v_e_1": "55", "tipo_v_e_2": "CALLE", "nom_v_e_2": "57", "tipo_v_e_3": "CALLE", "nom_v_e_3": "62", "numero_ext": "513", "letra_ext": null, "edificio": null, "edificio_e": null, "numero_int": null, "letra_int": null, "tipo_asent": "COLONIA", "nomb_asent": "CENTRO", "tipoCenCom": null, "nom_CenCom": null, "num_local": null, "cod_postal": "97000", "cve_ent": "31", "entidad": "Yucat?n", "cve_mun": "050", "municipio": "M?rida", "cve_loc": "0001", "localidad": "M?rida", "ageb": "0440", "manzana": "003", "telefono": null, "correoelec": "ESTEFANIA@GRUPOABOL.COM", "www": "WWW.GRUPOABOL.COM", "tipoUniEco": "Fijo", "latitud": 20.97077619, "longitud": -89.62516561, "fecha_alta": "2010-07", "layer": "Com_men_4", "path": "D:/Trabajos/Contaminantes/DENUE/Comercio_menor/Com_men_4.shp" }, "geometry": { "type": "Point", "coordinates": [ -89.62516561, 20.97077619 ] } },
{ "type": "Feature", "properties": { "id": 4583898, "clee": "31050468411000302000000000U2", "nom_estab": "GASOLINERA COMBUSTIBLES Y LUBRICANTES BRISAS", "raz_social": "COMBUSTIBLES Y LUBRICANTES BRISAS", "codigo_act": "468411", "nombre_act": "Comercio al por menor de gasolina y diesel", "per_ocu": "6 a 10 personas", "tipo_vial": "CALLE", "nom_vial": "35", "tipo_v_e_1": "CALLE", "nom_v_e_1": "4", "tipo_v_e_2": "CALLE", "nom_v_e_2": "2A", "tipo_v_e_3": "CALLE", "nom_v_e_3": "41", "numero_ext": "216", "letra_ext": null, "edificio": null, "edificio_e": null, "numero_int": null, "letra_int": null, "tipo_asent": "COLONIA", "nomb_asent": "SAN JUAN GRANDE", "tipoCenCom": null, "nom_CenCom": null, "num_local": null, "cod_postal": "97147", "cve_ent": "31", "entidad": "Yucat?n", "cve_mun": "050", "municipio": "M?rida", "cve_loc": "0001", "localidad": "M?rida", "ageb": "3036", "manzana": "021", "telefono": null, "correoelec": "FCOMENDICUTITOVAR@HOTMAIL.COM", "www": null, "tipoUniEco": "Fijo", "latitud": 20.99265984, "longitud": -89.58430349, "fecha_alta": "2010-07", "layer": "Com_men_4", "path": "D:/Trabajos/Contaminantes/DENUE/Comercio_menor/Com_men_4.shp" }, "geometry": { "type": "Point", "coordinates": [ -89.58430349, 20.99265984 ] } },
{ "type": "Feature", "properties": { "id": 4586927, "clee": "31050468411000823001000000U7", "nom_estab": "ESTACION DE SERVICIO PERIFERICO SUR", "raz_social": "ESTACI?N DE SERVICIO PERIF?RICO SUR", "codigo_act": "468411", "nombre_act": "Comercio al por menor de gasolina y diesel", "per_ocu": "11 a 30 personas", "tipo_vial": "CIRCUITO", "nom_vial": "FUERZA AEREA(CALLE 111)", "tipo_v_e_1": "PRIVADA", "nom_v_e_1": "109 F", "tipo_v_e_2": "CALLE", "nom_v_e_2": "Benito Ju?rez (Aviaci?n)", "tipo_v_e_3": "CALLE", "nom_v_e_3": "98", "numero_ext": "771", "letra_ext": "B", "edificio": null, "edificio_e": null, "numero_int": "0", "letra_int": "SN", "tipo_asent": "COLONIA", "nomb_asent": "OBRERA", "tipoCenCom": null, "nom_CenCom": null, "num_local": null, "cod_postal": "97260", "cve_ent": "31", "entidad": "Yucat?n", "cve_mun": "050", "municipio": "M?rida", "cve_loc": "0001", "localidad": "M?rida", "ageb": "078A", "manzana": "001", "telefono": null, "correoelec": "SERV_PERIFERICOSUR@GRUPOLAMOL.COM.MX", "www": "GRUPOLAMOL.COM.MX", "tipoUniEco": "Fijo", "latitud": 20.94016419, "longitud": -89.64819353, "fecha_alta": "2010-07", "layer": "Com_men_4", "path": "D:/Trabajos/Contaminantes/DENUE/Comercio_menor/Com_men_4.shp" }, "geometry": { "type": "Point", "coordinates": [ -89.64819353, 20.94016419 ] } },
{ "type": "Feature", "properties": { "id": 4589408, "clee": "31050468411000583000000000U7", "nom_estab": "GRUPO YUGA", "raz_social": "GRUPO YUGA", "codigo_act": "468411", "nombre_act": "Comercio al por menor de gasolina y diesel", "per_ocu": "11 a 30 personas", "tipo_vial": "CIRCUITO", "nom_vial": "COLONIAS (4)", "tipo_v_e_1": "CALLE", "nom_v_e_1": "63 B", "tipo_v_e_2": "CALLE", "nom_v_e_2": "63 C", "tipo_v_e_3": "CALLE", "nom_v_e_3": "6", "numero_ext": "555", "letra_ext": "A", "edificio": null, "edificio_e": null, "numero_int": "0", "letra_int": "SN", "tipo_asent": "COLONIA", "nomb_asent": "CORT?S SARMIENTO", "tipoCenCom": null, "nom_CenCom": null, "num_local": null, "cod_postal": "97167", "cve_ent": "31", "entidad": "Yucat?n", "cve_mun": "050", "municipio": "M?rida", "cve_loc": "0001", "localidad": "M?rida", "ageb": "0563", "manzana": "043", "telefono": null, "correoelec": "YUGASADECV12@HOTMAIL.COM", "www": null, "tipoUniEco": "Fijo", "latitud": 20.96098669, "longitud": -89.59175139, "fecha_alta": "2010-07", "layer": "Com_men_4", "path": "D:/Trabajos/Contaminantes/DENUE/Comercio_menor/Com_men_4.shp" }, "geometry": { "type": "Point", "coordinates": [ -89.59175139, 20.96098669 ] } },
{ "type": "Feature", "properties": { "id": 6223144, "clee": "31050468411001503000000000U4", "nom_estab": "TOTAL MERIDA", "raz_social": "GRECIA", "codigo_act": "468411", "nombre_act": "Comercio al por menor de gasolina y diesel", "per_ocu": "11 a 30 personas", "tipo_vial": "PERIFERICO", "nom_vial": "LICENCIADO MANUEL BERZUNZA", "tipo_v_e_1": "CALLE", "nom_v_e_1": "NINGUNO", "tipo_v_e_2": "CALLE", "nom_v_e_2": "NINGUNO", "tipo_v_e_3": "OTRO(ESPECIFIQUE)", "nom_v_e_3": "MALEZA", "numero_ext": null, "letra_ext": "SN", "edificio": null, "edificio_e": null, "numero_int": null, "letra_int": "SN", "tipo_asent": "COLONIA", "nomb_asent": "KIL?METRO 45.5 PERIFERICO PONIENTE", "tipoCenCom": null, "nom_CenCom": null, "num_local": null, "cod_postal": "97300", "cve_ent": "31", "entidad": "Yucat?n", "cve_mun": "050", "municipio": "M?rida", "cve_loc": "0001", "localidad": "M?rida", "ageb": "5992", "manzana": "001", "telefono": null, "correoelec": "ANGELICA.QUINTANA@TOTALMERIDA.COM.MX", "www": "TOTALMERIDA.COM.MX", "tipoUniEco": "Fijo", "latitud": 20.9565797, "longitud": -89.6988156, "fecha_alta": "2014-12", "layer": "Com_men_4", "path": "D:/Trabajos/Contaminantes/DENUE/Comercio_menor/Com_men_4.shp" }, "geometry": { "type": "Point", "coordinates": [ -89.6988156, 20.9565797 ] } },
{ "type": "Feature", "properties": { "id": 6223326, "clee": "31050468411001342000000000U7", "nom_estab": "GASOLINERA", "raz_social": "SERVICIOS ECOLOGICOS DE YUCATAN", "codigo_act": "468411", "nombre_act": "Comercio al por menor de gasolina y diesel", "per_ocu": "6 a 10 personas", "tipo_vial": "CALLE", "nom_vial": "25", "tipo_v_e_1": "CALLE", "nom_v_e_1": "20", "tipo_v_e_2": "CALLE", "nom_v_e_2": "20A", "tipo_v_e_3": "CALLE", "nom_v_e_3": "27", "numero_ext": null, "letra_ext": "SN", "edificio": null, "edificio_e": null, "numero_int": null, "letra_int": null, "tipo_asent": "COLONIA", "nomb_asent": "CHUBURN? DE HIDALGO", "tipoCenCom": null, "nom_CenCom": null, "num_local": null, "cod_postal": "97205", "cve_ent": "31", "entidad": "Yucat?n", "cve_mun": "050", "municipio": "M?rida", "cve_loc": "0001", "localidad": "M?rida", "ageb": "2413", "manzana": "006", "telefono": "9993213705", "correoelec": null, "www": null, "tipoUniEco": "Fijo", "latitud": 21.00839621, "longitud": -89.63223359, "fecha_alta": "2010-07", "layer": "Com_men_4", "path": "D:/Trabajos/Contaminantes/DENUE/Comercio_menor/Com_men_4.shp" }, "geometry": { "type": "Point", "coordinates": [ -89.63223359, 21.00839621 ] } },
{ "type": "Feature", "properties": { "id": 6223399, "clee": "31050468411001113000000000U2", "nom_estab": "SERVICIO METROPOLITANO CAUCEL", "raz_social": "SERVICIO METROPOLITANO CAUCEL", "codigo_act": "468411", "nombre_act": "Comercio al por menor de gasolina y diesel", "per_ocu": "11 a 30 personas", "tipo_vial": "AVENIDA", "nom_vial": "70", "tipo_v_e_1": "CALLE", "nom_v_e_1": "81", "tipo_v_e_2": "CALLE", "nom_v_e_2": "87", "tipo_v_e_3": "DIAGONAL", "nom_v_e_3": "82", "numero_ext": "695", "letra_ext": null, "edificio": null, "edificio_e": null, "numero_int": null, "letra_int": null, "tipo_asent": "FRACCIONAMIENTO", "nomb_asent": "CIUDAD CAUCEL", "tipoCenCom": null, "nom_CenCom": null, "num_local": null, "cod_postal": "97314", "cve_ent": "31", "entidad": "Yucat?n", "cve_mun": "050", "municipio": "M?rida", "cve_loc": "0001", "localidad": "M?rida", "ageb": "5812", "manzana": "036", "telefono": null, "correoelec": "METRO11696@GMAIL.COM", "www": "WWW.GRUPOMASAGO.COM", "tipoUniEco": "Fijo", "latitud": 20.99007345, "longitud": -89.70056704, "fecha_alta": "2010-07", "layer": "Com_men_4", "path": "D:/Trabajos/Contaminantes/DENUE/Comercio_menor/Com_men_4.shp" }, "geometry": { "type": "Point", "coordinates": [ -89.70056704, 20.99007345 ] } },
{ "type": "Feature", "properties": { "id": 6223645, "clee": "31050468411000543000000000U1", "nom_estab": "GASOLINERA GLORIETA SAN FERNANDO", "raz_social": "SERVICIO GLORIETA SAN FERNANDO", "codigo_act": "468411", "nombre_act": "Comercio al por menor de gasolina y diesel", "per_ocu": "11 a 30 personas", "tipo_vial": "CALLE", "nom_vial": "60", "tipo_v_e_1": "CALLE", "nom_v_e_1": "29", "tipo_v_e_2": "AVENIDA", "nom_v_e_2": "CUPULES (33)", "tipo_v_e_3": "CALLE", "nom_v_e_3": "58 A DIAGONAL", "numero_ext": "338", "letra_ext": "J", "edificio": null, "edificio_e": null, "numero_int": "0", "letra_int": "SN", "tipo_asent": "COLONIA", "nomb_asent": "CENTRO", "tipoCenCom": null, "nom_CenCom": null, "num_local": null, "cod_postal": "97050", "cve_ent": "31", "entidad": "Yucat?n", "cve_mun": "050", "municipio": "M?rida", "cve_loc": "0001", "localidad": "M?rida", "ageb": "0224", "manzana": "002", "telefono": null, "correoelec": "SERV_GLORIETASANFDO@GRUPOLAMOL.COM.MX", "www": null, "tipoUniEco": "Fijo", "latitud": 20.99165763, "longitud": -89.62039566, "fecha_alta": "2010-07", "layer": "Com_men_4", "path": "D:/Trabajos/Contaminantes/DENUE/Comercio_menor/Com_men_4.shp" }, "geometry": { "type": "Point", "coordinates": [ -89.62039566, 20.99165763 ] } },
{ "type": "Feature", "properties": { "id": 6223733, "clee": "31050468411000833001000000U6", "nom_estab": "LA GAS ESTACION 10347", "raz_social": "SERVICIO MERIDA 2000", "codigo_act": "468411", "nombre_act": "Comercio al por menor de gasolina y diesel", "per_ocu": "11 a 30 personas", "tipo_vial": "CALLE", "nom_vial": "19 (35 DIAGONAL)", "tipo_v_e_1": "CALLE", "nom_v_e_1": "38", "tipo_v_e_2": "AVENIDA", "nom_v_e_2": "M?RIDA 2000 (40)", "tipo_v_e_3": "CALLE", "nom_v_e_3": "33 DIAGONAL", "numero_ext": null, "letra_ext": "SN", "edificio": null, "edificio_e": null, "numero_int": null, "letra_int": null, "tipo_asent": "COLONIA", "nomb_asent": "SAN LUIS", "tipoCenCom": null, "nom_CenCom": null, "num_local": null, "cod_postal": "97205", "cve_ent": "31", "entidad": "Yucat?n", "cve_mun": "050", "municipio": "M?rida", "cve_loc": "0001", "localidad": "M?rida", "ageb": "3341", "manzana": "026", "telefono": null, "correoelec": "JEFATURA.CONTABLE@ENERKOM.COM.MX", "www": "WWW.ENERKOM.COM.MX", "tipoUniEco": "Fijo", "latitud": 21.01176336, "longitud": -89.65315677, "fecha_alta": "2010-07", "layer": "Com_men_4", "path": "D:/Trabajos/Contaminantes/DENUE/Comercio_menor/Com_men_4.shp" }, "geometry": { "type": "Point", "coordinates": [ -89.65315677, 21.01176336 ] } },
{ "type": "Feature", "properties": { "id": 6223810, "clee": "31050468411000763000000000U5", "nom_estab": "ESTACION DE SERVICIO NUEVA MAYAPAN", "raz_social": "ESTACION DE SERVICIO NUEVA MAYAPAN", "codigo_act": "468411", "nombre_act": "Comercio al por menor de gasolina y diesel", "per_ocu": "11 a 30 personas", "tipo_vial": "CALLE", "nom_vial": "16", "tipo_v_e_1": "CALLE", "nom_v_e_1": "10", "tipo_v_e_2": "CALLE", "nom_v_e_2": "20", "tipo_v_e_3": "CALLE", "nom_v_e_3": "20 A", "numero_ext": "463", "letra_ext": null, "edificio": null, "edificio_e": null, "numero_int": null, "letra_int": null, "tipo_asent": "COLONIA", "nomb_asent": "MAYAP?N", "tipoCenCom": null, "nom_CenCom": null, "num_local": null, "cod_postal": "97157", "cve_ent": "31", "entidad": "Yucat?n", "cve_mun": "050", "municipio": "M?rida", "cve_loc": "0001", "localidad": "M?rida", "ageb": "2930", "manzana": "005", "telefono": null, "correoelec": "CONTAB.LAMOL@GMAIL.COM", "www": "WWW.GRUPOLAMOL.COM.MX", "tipoUniEco": "Fijo", "latitud": 20.97748203, "longitud": -89.59618348, "fecha_alta": "2010-07", "layer": "Com_men_4", "path": "D:/Trabajos/Contaminantes/DENUE/Comercio_menor/Com_men_4.shp" }, "geometry": { "type": "Point", "coordinates": [ -89.59618348, 20.97748203 ] } },
{ "type": "Feature", "properties": { "id": 6224040, "clee": "31050468411001243001027090S7", "nom_estab": "ESTACION AMERICAS", "raz_social": "GASOLINERA ROMA", "codigo_act": "468411", "nombre_act": "Comercio al por menor de gasolina y diesel", "per_ocu": "0 a 5 personas", "tipo_vial": "CALLE", "nom_vial": "69", "tipo_v_e_1": "CALLE", "nom_v_e_1": "NINGUNO", "tipo_v_e_2": "OTRO(ESPECIFIQUE)", "nom_v_e_2": "NINGUNO", "tipo_v_e_3": "OTRO(ESPECIFIQUE)", "nom_v_e_3": "NINGUNO", "numero_ext": null, "letra_ext": "SN", "edificio": null, "edificio_e": null, "numero_int": null, "letra_int": null, "tipo_asent": "FRACCIONAMIENTO", "nomb_asent": "LAS AMERICAS", "tipoCenCom": null, "nom_CenCom": null, "num_local": null, "cod_postal": "97302", "cve_ent": "31", "entidad": "Yucat?n", "cve_mun": "050", "municipio": "M?rida", "cve_loc": "0001", "localidad": "M?rida", "ageb": "4477", "manzana": "013", "telefono": null, "correoelec": "CONTADORGENERAL@GMEGASUR.COM.MX", "www": null, "tipoUniEco": "Fijo", "latitud": 21.05780492, "longitud": -89.64400329, "fecha_alta": "2010-07", "layer": "Com_men_4", "path": "D:/Trabajos/Contaminantes/DENUE/Comercio_menor/Com_men_4.shp" }, "geometry": { "type": "Point", "coordinates": [ -89.64400329, 21.05780492 ] } },
{ "type": "Feature", "properties": { "id": 6238763, "clee": "31050468411001023000013127S3", "nom_estab": "COMBUSTIBLES DE YUCATAN FIESTA", "raz_social": "COMBUSTIBLES DE YUCATAN", "codigo_act": "468411", "nombre_act": "Comercio al por menor de gasolina y diesel", "per_ocu": "11 a 30 personas", "tipo_vial": "AVENIDA", "nom_vial": "CORREA RACH? (6)", "tipo_v_e_1": "CALLE", "nom_v_e_1": "21", "tipo_v_e_2": "CALLE", "nom_v_e_2": "17 A", "tipo_v_e_3": "CALLE", "nom_v_e_3": "17 A", "numero_ext": "439", "letra_ext": null, "edificio": null, "edificio_e": null, "numero_int": null, "letra_int": null, "tipo_asent": "COLONIA", "nomb_asent": "DIAZ ORDAZ", "tipoCenCom": null, "nom_CenCom": null, "num_local": null, "cod_postal": "97130", "cve_ent": "31", "entidad": "Yucat?n", "cve_mun": "050", "municipio": "M?rida", "cve_loc": "0001", "localidad": "M?rida", "ageb": "5259", "manzana": "018", "telefono": null, "correoelec": "SAMUEL.HERREA@LODEMORED.COM.MX", "www": "WWW.LODEMORED.COM.MX", "tipoUniEco": "Fijo", "latitud": 21.00109076, "longitud": -89.59616866, "fecha_alta": "2010-07", "layer": "Com_men_4", "path": "D:/Trabajos/Contaminantes/DENUE/Comercio_menor/Com_men_4.shp" }, "geometry": { "type": "Point", "coordinates": [ -89.59616866, 21.00109076 ] } },
{ "type": "Feature", "properties": { "id": 6238820, "clee": "31050468411000743000059381S7", "nom_estab": "ESTACION DE SERVICIO VISTA ALEGRE", "raz_social": "ENERKOM CONSULTORIA EN ADMINISTRACION", "codigo_act": "468411", "nombre_act": "Comercio al por menor de gasolina y diesel", "per_ocu": "11 a 30 personas", "tipo_vial": "CALLE", "nom_vial": "7", "tipo_v_e_1": "CALLE", "nom_v_e_1": "20 A", "tipo_v_e_2": "CALLE", "nom_v_e_2": "20", "tipo_v_e_3": "CALLE", "nom_v_e_3": "9", "numero_ext": "512", "letra_ext": null, "edificio": null, "edificio_e": null, "numero_int": null, "letra_int": null, "tipo_asent": "COLONIA", "nomb_asent": "MAYA", "tipoCenCom": null, "nom_CenCom": null, "num_local": null, "cod_postal": "97134", "cve_ent": "31", "entidad": "Yucat?n", "cve_mun": "050", "municipio": "M?rida", "cve_loc": "0001", "localidad": "M?rida", "ageb": "3981", "manzana": "020", "telefono": null, "correoelec": "JEFATURA.CONTABLE@ENERKOM.COM.MX", "www": "WWW.ENERKOM.COM.MX", "tipoUniEco": "Fijo", "latitud": 21.02220516, "longitud": -89.57672065, "fecha_alta": "2010-07", "layer": "Com_men_4", "path": "D:/Trabajos/Contaminantes/DENUE/Comercio_menor/Com_men_4.shp" }, "geometry": { "type": "Point", "coordinates": [ -89.57672065, 21.02220516 ] } },
{ "type": "Feature", "properties": { "id": 6253185, "clee": "31050468411001461002000000U5", "nom_estab": "SELNAV", "raz_social": "SERVICIO PERIFERICOS SELNAV", "codigo_act": "468411", "nombre_act": "Comercio al por menor de gasolina y diesel", "per_ocu": "0 a 5 personas", "tipo_vial": "CALLE", "nom_vial": "187", "tipo_v_e_1": "CALLE", "nom_v_e_1": "86", "tipo_v_e_2": "CALLE", "nom_v_e_2": "84", "tipo_v_e_3": "CALLE", "nom_v_e_3": "185", "numero_ext": "299", "letra_ext": null, "edificio": null, "edificio_e": null, "numero_int": null, "letra_int": null, "tipo_asent": "COLONIA", "nomb_asent": "SAN LUIS DZUNUNCAN", "tipoCenCom": null, "nom_CenCom": null, "num_local": null, "cod_postal": "97315", "cve_ent": "31", "entidad": "Yucat?n", "cve_mun": "050", "municipio": "M?rida", "cve_loc": "0001", "localidad": "M?rida", "ageb": "6064", "manzana": "012", "telefono": null, "correoelec": "ESGES.SELNAV@CORPORATIVOGES.MX", "www": "GRUGES.COM.MX", "tipoUniEco": "Fijo", "latitud": 20.8956342, "longitud": -89.65000716, "fecha_alta": "2014-12", "layer": "Com_men_4", "path": "D:/Trabajos/Contaminantes/DENUE/Comercio_menor/Com_men_4.shp" }, "geometry": { "type": "Point", "coordinates": [ -89.65000716, 20.8956342 ] } },
{ "type": "Feature", "properties": { "id": 6280089, "clee": "31050468411000943000013127S3", "nom_estab": "COMBUSTIBLES DE YUCATAN SUCURSAL DONDE", "raz_social": "COMBUSTIBLES DE YUCATAN", "codigo_act": "468411", "nombre_act": "Comercio al por menor de gasolina y diesel", "per_ocu": "11 a 30 personas", "tipo_vial": "CALLE", "nom_vial": "32", "tipo_v_e_1": "CALLE", "nom_v_e_1": "17", "tipo_v_e_2": "CALLE", "nom_v_e_2": "15", "tipo_v_e_3": "CALLE", "nom_v_e_3": "30", "numero_ext": "196", "letra_ext": null, "edificio": null, "edificio_e": null, "numero_int": null, "letra_int": null, "tipo_asent": "COLONIA", "nomb_asent": "GARC?A GINER?S", "tipoCenCom": null, "nom_CenCom": null, "num_local": null, "cod_postal": "97070", "cve_ent": "31", "entidad": "Yucat?n", "cve_mun": "050", "municipio": "M?rida", "cve_loc": "0001", "localidad": "M?rida", "ageb": "4091", "manzana": "025", "telefono": null, "correoelec": "SAMUEL.HERRERA@LODEMORED.COM.MX", "www": "WWW.LODEMORED.COM.MX", "tipoUniEco": "Fijo", "latitud": 20.99074016, "longitud": -89.63847912, "fecha_alta": "2010-07", "layer": "Com_men_4", "path": "D:/Trabajos/Contaminantes/DENUE/Comercio_menor/Com_men_4.shp" }, "geometry": { "type": "Point", "coordinates": [ -89.63847912, 20.99074016 ] } },
{ "type": "Feature", "properties": { "id": 6280095, "clee": "31050468411001013000013127S4", "nom_estab": "COMBUSTIBLES DE YUCATAN SUCURSAL KUKULKAN", "raz_social": "COMBUSTIBLES DE YUCATAN", "codigo_act": "468411", "nombre_act": "Comercio al por menor de gasolina y diesel", "per_ocu": "11 a 30 personas", "tipo_vial": "CIRCUITO", "nom_vial": "COLONIAS", "tipo_v_e_1": "CALLE", "nom_v_e_1": "52", "tipo_v_e_2": "CALLE", "nom_v_e_2": "87", "tipo_v_e_3": "CALLE", "nom_v_e_3": "12", "numero_ext": "302", "letra_ext": null, "edificio": null, "edificio_e": null, "numero_int": null, "letra_int": null, "tipo_asent": "COLONIA", "nomb_asent": "SALVADOR ALVARADO SUR", "tipoCenCom": null, "nom_CenCom": null, "num_local": null, "cod_postal": "97196", "cve_ent": "31", "entidad": "Yucat?n", "cve_mun": "050", "municipio": "M?rida", "cve_loc": "0001", "localidad": "M?rida", "ageb": "181A", "manzana": "033", "telefono": null, "correoelec": "SAMUEL.HERRERA@LODEMORED.COM.MX", "www": "WWW.LODEMORED.COM.MX", "tipoUniEco": "Fijo", "latitud": 20.93989886, "longitud": -89.59347961, "fecha_alta": "2010-07", "layer": "Com_men_4", "path": "D:/Trabajos/Contaminantes/DENUE/Comercio_menor/Com_men_4.shp" }, "geometry": { "type": "Point", "coordinates": [ -89.593479610000017, 20.93989886 ] } },
{ "type": "Feature", "properties": { "id": 6280096, "clee": "31050468411000883000000000U1", "nom_estab": "ESTACION DE SERVICIOS PONIENTE", "raz_social": "ESTACION DE SERVICIOS PONIENTE", "codigo_act": "468411", "nombre_act": "Comercio al por menor de gasolina y diesel", "per_ocu": "11 a 30 personas", "tipo_vial": "CALLE", "nom_vial": "50", "tipo_v_e_1": "CALLE", "nom_v_e_1": "39", "tipo_v_e_2": "CALLE", "nom_v_e_2": "21", "tipo_v_e_3": "CALLE", "nom_v_e_3": "50", "numero_ext": "138", "letra_ext": null, "edificio": null, "edificio_e": null, "numero_int": null, "letra_int": null, "tipo_asent": "COLONIA", "nomb_asent": "MIGUEL HIDALGO", "tipoCenCom": null, "nom_CenCom": null, "num_local": null, "cod_postal": "97229", "cve_ent": "31", "entidad": "Yucat?n", "cve_mun": "050", "municipio": "M?rida", "cve_loc": "0001", "localidad": "M?rida", "ageb": "2606", "manzana": "016", "telefono": "9992241113", "correoelec": "GERENTE.DORADA@LODEMORED.COM.MX", "www": "WWW.LODEMORED.COM.MX", "tipoUniEco": "Fijo", "latitud": 20.99205034, "longitud": -89.65165283, "fecha_alta": "2010-07", "layer": "Com_men_4", "path": "D:/Trabajos/Contaminantes/DENUE/Comercio_menor/Com_men_4.shp" }, "geometry": { "type": "Point", "coordinates": [ -89.65165283, 20.99205034 ] } },
{ "type": "Feature", "properties": { "id": 6280103, "clee": "31050468412000096000013092M8", "nom_estab": "DELTA GAS DEL SURESTE", "raz_social": "DELTA GAS DEL SURESTE", "codigo_act": "468412", "nombre_act": "Comercio al por menor de gas L. P. en cilindros y para tanques estacionarios", "per_ocu": "101 a 250 personas", "tipo_vial": "PERIFERICO", "nom_vial": "LICENCIADO MANUEL BERZUNZA KM 23+700", "tipo_v_e_1": "CALLE", "nom_v_e_1": "FLORESTA", "tipo_v_e_2": "CARRETERA", "nom_v_e_2": "MOTUL", "tipo_v_e_3": "CALLE", "nom_v_e_3": "NINGUNO", "numero_ext": null, "letra_ext": "KM 23+700", "edificio": null, "edificio_e": null, "numero_int": null, "letra_int": null, "tipo_asent": "PUEBLO", "nomb_asent": "CHICHI SUAREZ", "tipoCenCom": null, "nom_CenCom": null, "num_local": null, "cod_postal": "97300", "cve_ent": "31", "entidad": "Yucat?n", "cve_mun": "050", "municipio": "M?rida", "cve_loc": "0001", "localidad": "M?rida", "ageb": "4975", "manzana": "007", "telefono": null, "correoelec": "HOLA@DELTAGAS.MX", "www": "WWW.DELTAGAS.COM.MX", "tipoUniEco": "Fijo", "latitud": 21.01595858, "longitud": -89.56344426, "fecha_alta": "2010-07", "layer": "Com_men_4", "path": "D:/Trabajos/Contaminantes/DENUE/Comercio_menor/Com_men_4.shp" }, "geometry": { "type": "Point", "coordinates": [ -89.56344426, 21.01595858 ] } },
{ "type": "Feature", "properties": { "id": 6280104, "clee": "31050468412000011000013071S7", "nom_estab": "GAS Z INDUSTRIAL", "raz_social": "GAS LP DE MERIDA", "codigo_act": "468412", "nombre_act": "Comercio al por menor de gas L. P. en cilindros y para tanques estacionarios", "per_ocu": "51 a 100 personas", "tipo_vial": "AVENIDA", "nom_vial": "INDUSTRIAS NO CONTAMINANTES", "tipo_v_e_1": "AVENIDA", "nom_v_e_1": "MAQUILADORAS", "tipo_v_e_2": "PRIVADA", "nom_v_e_2": "NINGUNO", "tipo_v_e_3": "CALLE", "nom_v_e_3": "NINGUNO", "numero_ext": null, "letra_ext": "SN", "edificio": null, "edificio_e": null, "numero_int": null, "letra_int": null, "tipo_asent": "PARQUE INDUSTRIAL", "nomb_asent": "INDUSTRIAS NO CONTAMINANTES", "tipoCenCom": null, "nom_CenCom": null, "num_local": null, "cod_postal": "97110", "cve_ent": "31", "entidad": "Yucat?n", "cve_mun": "050", "municipio": "M?rida", "cve_loc": "0001", "localidad": "M?rida", "ageb": "4477", "manzana": "001", "telefono": null, "correoelec": "JUAN.NEGROE@GRUPOZETA.BIZ", "www": "ZETAGASSURESTE.COM", "tipoUniEco": "Fijo", "latitud": 21.05177026, "longitud": -89.64039721, "fecha_alta": "2010-07", "layer": "Com_men_4", "path": "D:/Trabajos/Contaminantes/DENUE/Comercio_menor/Com_men_4.shp" }, "geometry": { "type": "Point", "coordinates": [ -89.64039721, 21.05177026 ] } },
{ "type": "Feature", "properties": { "id": 6280105, "clee": "31050468411000793001013127M2", "nom_estab": "COMBUSTIBLES DE YUCATAN", "raz_social": "COMBUSTIBLES DE YUCATAN", "codigo_act": "468411", "nombre_act": "Comercio al por menor de gasolina y diesel", "per_ocu": "11 a 30 personas", "tipo_vial": "CALLE", "nom_vial": "20", "tipo_v_e_1": "CALLE", "nom_v_e_1": "35", "tipo_v_e_2": "CALLE", "nom_v_e_2": "37", "tipo_v_e_3": "CALLE", "nom_v_e_3": "18", "numero_ext": "315", "letra_ext": null, "edificio": null, "edificio_e": null, "numero_int": null, "letra_int": null, "tipo_asent": "COLONIA", "nomb_asent": "LEANDRO VALLE", "tipoCenCom": null, "nom_CenCom": null, "num_local": null, "cod_postal": "97143", "cve_ent": "31", "entidad": "Yucat?n", "cve_mun": "050", "municipio": "M?rida", "cve_loc": "0001", "localidad": "M?rida", "ageb": "4640", "manzana": "015", "telefono": null, "correoelec": "CONTACTO.LODEMO@LODEMORED.COM.MX", "www": "WWW.LODEMORED.COM.MX", "tipoUniEco": "Fijo", "latitud": 20.99849349, "longitud": -89.57128068, "fecha_alta": "2010-07", "layer": "Com_men_4", "path": "D:/Trabajos/Contaminantes/DENUE/Comercio_menor/Com_men_4.shp" }, "geometry": { "type": "Point", "coordinates": [ -89.57128068, 20.99849349 ] } },
{ "type": "Feature", "properties": { "id": 6280108, "clee": "31050468411000483000013127S0", "nom_estab": "COMBUSTIBLES DE YUCATAN SUCURSAL TANLUM", "raz_social": "COMBUSTIBLES DE YUCATAN", "codigo_act": "468411", "nombre_act": "Comercio al por menor de gasolina y diesel", "per_ocu": "11 a 30 personas", "tipo_vial": "CALLE", "nom_vial": "8 A", "tipo_v_e_1": "CIRCUITO", "nom_v_e_1": "COLONIAS (21)", "tipo_v_e_2": "CALLE", "nom_v_e_2": "8", "tipo_v_e_3": "CALLE", "nom_v_e_3": "39", "numero_ext": "382", "letra_ext": null, "edificio": null, "edificio_e": null, "numero_int": null, "letra_int": null, "tipo_asent": "COLONIA", "nomb_asent": "PEDREGALES DE TANLUM", "tipoCenCom": null, "nom_CenCom": null, "num_local": null, "cod_postal": "97210", "cve_ent": "31", "entidad": "Yucat?n", "cve_mun": "050", "municipio": "M?rida", "cve_loc": "0001", "localidad": "M?rida", "ageb": "2485", "manzana": "011", "telefono": null, "correoelec": "SAMUEL.HERRERA@LODEMORED.COM.MX", "www": "WWW.LODEMORED.COM.MX", "tipoUniEco": "Fijo", "latitud": 20.99737324, "longitud": -89.62869341, "fecha_alta": "2010-07", "layer": "Com_men_4", "path": "D:/Trabajos/Contaminantes/DENUE/Comercio_menor/Com_men_4.shp" }, "geometry": { "type": "Point", "coordinates": [ -89.62869341, 20.99737324 ] } },
{ "type": "Feature", "properties": { "id": 6280114, "clee": "31050468411000983000013127S9", "nom_estab": "COMBUSTIBLES DE YUCATAN SUCURSAL JUAN PABLO II", "raz_social": "COMBUSTIBLES DE YUCATAN", "codigo_act": "468411", "nombre_act": "Comercio al por menor de gasolina y diesel", "per_ocu": "11 a 30 personas", "tipo_vial": "PERIFERICO", "nom_vial": "LICENCIADO MANUEL BERZUNZA", "tipo_v_e_1": "CALLE", "nom_v_e_1": "NINGUNO", "tipo_v_e_2": "CALLE", "nom_v_e_2": "NINGUNO", "tipo_v_e_3": "OTRO(ESPECIFIQUE)", "nom_v_e_3": "NINGUNO", "numero_ext": "13950", "letra_ext": null, "edificio": null, "edificio_e": null, "numero_int": null, "letra_int": null, "tipo_asent": "FRACCIONAMIENTO", "nomb_asent": "FRANCISCO DE MONTEJO", "tipoCenCom": null, "nom_CenCom": null, "num_local": null, "cod_postal": "97203", "cve_ent": "31", "entidad": "Yucat?n", "cve_mun": "050", "municipio": "M?rida", "cve_loc": "0001", "localidad": "M?rida", "ageb": "5526", "manzana": "020", "telefono": null, "correoelec": "SAMUEL.HERRERA@LODEMORED.COM.MX", "www": "WWW.LODEMORED.COM.MX", "tipoUniEco": "Fijo", "latitud": 21.0336005, "longitud": -89.65565987, "fecha_alta": "2014-12", "layer": "Com_men_4", "path": "D:/Trabajos/Contaminantes/DENUE/Comercio_menor/Com_men_4.shp" }, "geometry": { "type": "Point", "coordinates": [ -89.65565987, 21.0336005 ] } },
{ "type": "Feature", "properties": { "id": 6280115, "clee": "31050468411000673001013127S6", "nom_estab": "COMBUSTIBLES DE YUCATAN SUCURSAL JUAN PABLO II", "raz_social": "COMBUSTIBLES DE YUCATAN", "codigo_act": "468411", "nombre_act": "Comercio al por menor de gasolina y diesel", "per_ocu": "6 a 10 personas", "tipo_vial": "CALLE", "nom_vial": "65 B", "tipo_v_e_1": "CALLE", "nom_v_e_1": "33", "tipo_v_e_2": "AVENIDA", "nom_v_e_2": "JUAN PABLO II (65 A)", "tipo_v_e_3": "CALLE", "nom_v_e_3": "14", "numero_ext": "180", "letra_ext": null, "edificio": null, "edificio_e": null, "numero_int": null, "letra_int": null, "tipo_asent": "COLONIA", "nomb_asent": "FRANCISCO I MADERO", "tipoCenCom": null, "nom_CenCom": null, "num_local": null, "cod_postal": "97240", "cve_ent": "31", "entidad": "Yucat?n", "cve_mun": "050", "municipio": "M?rida", "cve_loc": "0001", "localidad": "M?rida", "ageb": "5070", "manzana": "018", "telefono": null, "correoelec": "SAMUEL.HERRERA@LODEMORED.COM.MX", "www": "WWW.LODEMORED.COM.MX", "tipoUniEco": "Fijo", "latitud": 20.96368222, "longitud": -89.65023914, "fecha_alta": "2010-07", "layer": "Com_men_4", "path": "D:/Trabajos/Contaminantes/DENUE/Comercio_menor/Com_men_4.shp" }, "geometry": { "type": "Point", "coordinates": [ -89.65023914, 20.96368222 ] } },
{ "type": "Feature", "properties": { "id": 6280175, "clee": "31050468411000633002013127S0", "nom_estab": "COMBUSTIBLES DE YUCATAN", "raz_social": "COMBUSTIBLES DE YUCATAN", "codigo_act": "468411", "nombre_act": "Comercio al por menor de gasolina y diesel", "per_ocu": "11 a 30 personas", "tipo_vial": "CALLE", "nom_vial": "64", "tipo_v_e_1": "CALLE", "nom_v_e_1": "63", "tipo_v_e_2": "CALLE", "nom_v_e_2": "65", "tipo_v_e_3": "CALLE", "nom_v_e_3": "66", "numero_ext": "519", "letra_ext": null, "edificio": null, "edificio_e": null, "numero_int": null, "letra_int": null, "tipo_asent": "COLONIA", "nomb_asent": "CENTRO", "tipoCenCom": null, "nom_CenCom": null, "num_local": null, "cod_postal": "97000", "cve_ent": "31", "entidad": "Yucat?n", "cve_mun": "050", "municipio": "M?rida", "cve_loc": "0001", "localidad": "M?rida", "ageb": "0506", "manzana": "009", "telefono": null, "correoelec": "SAMUEL.HERRERA@LODEMORED.COM.MX", "www": "WWW.LODEMORED.COM.MX", "tipoUniEco": "Fijo", "latitud": 20.96592276, "longitud": -89.62624956000001, "fecha_alta": "2010-07", "layer": "Com_men_4", "path": "D:/Trabajos/Contaminantes/DENUE/Comercio_menor/Com_men_4.shp" }, "geometry": { "type": "Point", "coordinates": [ -89.62624956, 20.96592276 ] } },
{ "type": "Feature", "properties": { "id": 6280248, "clee": "31050468411000803001000000U9", "nom_estab": "COMBUSTIBLES Y LUBRICANTES POLIFORUM", "raz_social": "COMBUSTIBLES Y LUBRICANTES POLIFORUM", "codigo_act": "468411", "nombre_act": "Comercio al por menor de gasolina y diesel", "per_ocu": "11 a 30 personas", "tipo_vial": "CIRCUITO", "nom_vial": "CIRCUITO COLONIAS (3)", "tipo_v_e_1": "CALLE", "nom_v_e_1": "95 A", "tipo_v_e_2": "CALLE", "nom_v_e_2": "97", "tipo_v_e_3": "CALLE", "nom_v_e_3": "16 A", "numero_ext": "300", "letra_ext": null, "edificio": null, "edificio_e": null, "numero_int": null, "letra_int": null, "tipo_asent": "COLONIA", "nomb_asent": "SALVADOR ALVARADO SUR", "tipoCenCom": null, "nom_CenCom": null, "num_local": null, "cod_postal": "97196", "cve_ent": "31", "entidad": "Yucat?n", "cve_mun": "050", "municipio": "M?rida", "cve_loc": "0001", "localidad": "M?rida", "ageb": "181A", "manzana": "017", "telefono": null, "correoelec": "OGGDL05168@OXXOGAS.COM", "www": null, "tipoUniEco": "Fijo", "latitud": 20.94453982, "longitud": -89.59260497, "fecha_alta": "2010-07", "layer": "Com_men_4", "path": "D:/Trabajos/Contaminantes/DENUE/Comercio_menor/Com_men_4.shp" }, "geometry": { "type": "Point", "coordinates": [ -89.59260497, 20.94453982 ] } },
{ "type": "Feature", "properties": { "id": 6280386, "clee": "31050468411000473000000000U1", "nom_estab": "GASOLINERA GRUPO MASAGO", "raz_social": "GRUPO MASAGO", "codigo_act": "468411", "nombre_act": "Comercio al por menor de gasolina y diesel", "per_ocu": "11 a 30 personas", "tipo_vial": "PERIFERICO", "nom_vial": "LICENCIADO MANUEL BERZUNZA", "tipo_v_e_1": "PRIVADA", "nom_v_e_1": "NINGUNO", "tipo_v_e_2": "CALLE", "nom_v_e_2": "41", "tipo_v_e_3": "PRIVADA", "nom_v_e_3": "NINGUNO", "numero_ext": "19032", "letra_ext": null, "edificio": null, "edificio_e": null, "numero_int": "0", "letra_int": "SN", "tipo_asent": "COLONIA", "nomb_asent": "AMPLIACI?N JUAN PABLO II", "tipoCenCom": null, "nom_CenCom": null, "num_local": null, "cod_postal": "97246", "cve_ent": "31", "entidad": "Yucat?n", "cve_mun": "050", "municipio": "M?rida", "cve_loc": "0001", "localidad": "M?rida", "ageb": "384A", "manzana": "013", "telefono": null, "correoelec": "GMASAGO_LORE@HOTMAIL.COM", "www": "WWW.GRUPOMASAGO.COM", "tipoUniEco": "Fijo", "latitud": 20.9694417, "longitud": -89.68990972, "fecha_alta": "2010-07", "layer": "Com_men_4", "path": "D:/Trabajos/Contaminantes/DENUE/Comercio_menor/Com_men_4.shp" }, "geometry": { "type": "Point", "coordinates": [ -89.68990972, 20.9694417 ] } },
{ "type": "Feature", "properties": { "id": 6280439, "clee": "31041468412000014001013071S0", "nom_estab": "GAS Z SAN PEDRO NOH PAT", "raz_social": "GAS L P DE MERIDA", "codigo_act": "468412", "nombre_act": "Comercio al por menor de gas L. P. en cilindros y para tanques estacionarios", "per_ocu": "11 a 30 personas", "tipo_vial": "CALLE", "nom_vial": "NINGUNO", "tipo_v_e_1": "CALLE", "nom_v_e_1": "65 C (27 A)", "tipo_v_e_2": "CALLE", "nom_v_e_2": "29 (65 D)", "tipo_v_e_3": "CALLE", "nom_v_e_3": "NINGUNO", "numero_ext": "12682", "letra_ext": "TABLAJE", "edificio": null, "edificio_e": null, "numero_int": null, "letra_int": null, "tipo_asent": "COLONIA", "nomb_asent": "SAN PABLO ORIENTE", "tipoCenCom": null, "nom_CenCom": null, "num_local": null, "cod_postal": "97178", "cve_ent": "31", "entidad": "Yucat?n", "cve_mun": "050", "municipio": "M?rida", "cve_loc": "0001", "localidad": "M?rida", "ageb": "3233", "manzana": "035", "telefono": null, "correoelec": "JUAN.NEGROE@GRUPOZETA.BIZ", "www": "ZATAGASURESTE.COM", "tipoUniEco": "Fijo", "latitud": 20.95439443, "longitud": -89.56822477, "fecha_alta": "2010-07", "layer": "Com_men_4", "path": "D:/Trabajos/Contaminantes/DENUE/Comercio_menor/Com_men_4.shp" }, "geometry": { "type": "Point", "coordinates": [ -89.56822477, 20.95439443 ] } },
{ "type": "Feature", "properties": { "id": 6280442, "clee": "31050468411000643000013127S9", "nom_estab": "COMBUSTIBLES DE YUCATAN SUCURSAL LINDAVISTA", "raz_social": "COMBUSTIBLES DE YUCATAN", "codigo_act": "468411", "nombre_act": "Comercio al por menor de gasolina y diesel", "per_ocu": "11 a 30 personas", "tipo_vial": "AVENIDA", "nom_vial": "40 (M?RIDA 2000)", "tipo_v_e_1": "CALLE", "nom_v_e_1": "9 (19A)", "tipo_v_e_2": "AVENIDA", "nom_v_e_2": "19 (35 DIAGONAL)", "tipo_v_e_3": "CALLE", "nom_v_e_3": "40 B", "numero_ext": "143", "letra_ext": null, "edificio": null, "edificio_e": null, "numero_int": null, "letra_int": null, "tipo_asent": "COLONIA", "nomb_asent": "JARDINES DE LINDAVISTA", "tipoCenCom": null, "nom_CenCom": null, "num_local": null, "cod_postal": "97219", "cve_ent": "31", "entidad": "Yucat?n", "cve_mun": "050", "municipio": "M?rida", "cve_loc": "0001", "localidad": "M?rida", "ageb": "2254", "manzana": "051", "telefono": null, "correoelec": "SAMUEL.HERRERA@LODEMORED.COM.MX", "www": "WWW.LODEMORED.COM.MX", "tipoUniEco": "Fijo", "latitud": 21.01136988, "longitud": -89.65328151, "fecha_alta": "2010-07", "layer": "Com_men_4", "path": "D:/Trabajos/Contaminantes/DENUE/Comercio_menor/Com_men_4.shp" }, "geometry": { "type": "Point", "coordinates": [ -89.65328151, 21.01136988 ] } },
{ "type": "Feature", "properties": { "id": 6280444, "clee": "31050468411000893001013127S0", "nom_estab": "COMBUSTIBLES DE YUCATAN SUCURSAL PENSIONES", "raz_social": "COMBUSTIBLES DE YUCATAN", "codigo_act": "468411", "nombre_act": "Comercio al por menor de gasolina y diesel", "per_ocu": "11 a 30 personas", "tipo_vial": "CALLE", "nom_vial": "128", "tipo_v_e_1": "CALLE", "nom_v_e_1": "21 DIAGONAL", "tipo_v_e_2": "CALLE", "nom_v_e_2": "15", "tipo_v_e_3": "OTRO(ESPECIFIQUE)", "nom_v_e_3": "NINGUNO", "numero_ext": "724", "letra_ext": null, "edificio": null, "edificio_e": null, "numero_int": null, "letra_int": null, "tipo_asent": "FRACCIONAMIENTO", "nomb_asent": "JACINTO CANEK", "tipoCenCom": null, "nom_CenCom": null, "num_local": null, "cod_postal": "97217", "cve_ent": "31", "entidad": "Yucat?n", "cve_mun": "050", "municipio": "M?rida", "cve_loc": "0001", "localidad": "M?rida", "ageb": "2593", "manzana": "042", "telefono": null, "correoelec": "SAMUEL.HERRERA@LODEMORED.COM.MX", "www": "WWW.LODEMO.RED.COM.MX", "tipoUniEco": "Fijo", "latitud": 20.99804001, "longitud": -89.66368774, "fecha_alta": "2010-07", "layer": "Com_men_4", "path": "D:/Trabajos/Contaminantes/DENUE/Comercio_menor/Com_men_4.shp" }, "geometry": { "type": "Point", "coordinates": [ -89.66368774, 20.99804001 ] } },
{ "type": "Feature", "properties": { "id": 6280445, "clee": "31050468411000623000013127S1", "nom_estab": "COMBUSTIBLES DE YUCATAN SUCURSAL ITZAES", "raz_social": "COMBUSTIBLES DE YUCATAN", "codigo_act": "468411", "nombre_act": "Comercio al por menor de gasolina y diesel", "per_ocu": "11 a 30 personas", "tipo_vial": "AVENIDA", "nom_vial": "BENITO JU?REZ (AVIACI?N)", "tipo_v_e_1": "CIRCUITO", "nom_v_e_1": "COLONIAS (96)", "tipo_v_e_2": "PRIVADA", "nom_v_e_2": "NINGUNO", "tipo_v_e_3": "PRIVADA", "nom_v_e_3": "81 D", "numero_ext": "600", "letra_ext": null, "edificio": null, "edificio_e": null, "numero_int": null, "letra_int": null, "tipo_asent": "COLONIA", "nomb_asent": "OBRERA", "tipoCenCom": null, "nom_CenCom": null, "num_local": null, "cod_postal": "97250", "cve_ent": "31", "entidad": "Yucat?n", "cve_mun": "050", "municipio": "M?rida", "cve_loc": "0001", "localidad": "M?rida", "ageb": "078A", "manzana": "001", "telefono": null, "correoelec": "SAMUEL.HERRERA@LODEMORED.COM.MX", "www": "WWW.LODEMORED.COM.MX", "tipoUniEco": "Fijo", "latitud": 20.94875045, "longitud": -89.64976802, "fecha_alta": "2010-07", "layer": "Com_men_4", "path": "D:/Trabajos/Contaminantes/DENUE/Comercio_menor/Com_men_4.shp" }, "geometry": { "type": "Point", "coordinates": [ -89.64976802, 20.94875045 ] } },
{ "type": "Feature", "properties": { "id": 6280448, "clee": "31050468411000513000013127S4", "nom_estab": "COMBUSTIBLES DE YUCATAN SUCURSAL PERIFERICO SUR", "raz_social": "COMBUSTIBLES DE YUCATAN", "codigo_act": "468411", "nombre_act": "Comercio al por menor de gasolina y diesel", "per_ocu": "11 a 30 personas", "tipo_vial": "CALLE", "nom_vial": "187", "tipo_v_e_1": "CALLE", "nom_v_e_1": "84", "tipo_v_e_2": "CALLE", "nom_v_e_2": "86", "tipo_v_e_3": "CALLE", "nom_v_e_3": "185", "numero_ext": "300", "letra_ext": null, "edificio": null, "edificio_e": null, "numero_int": null, "letra_int": null, "tipo_asent": "COLONIA", "nomb_asent": "SAN ANTONIO XLUCH 300M", "tipoCenCom": null, "nom_CenCom": null, "num_local": null, "cod_postal": "97315", "cve_ent": "31", "entidad": "Yucat?n", "cve_mun": "050", "municipio": "M?rida", "cve_loc": "0001", "localidad": "M?rida", "ageb": "6064", "manzana": "012", "telefono": null, "correoelec": "SAMUEL.HERERA@LODEMORED.COM.MX", "www": "WWW.LODEMORED.COM.MX", "tipoUniEco": "Fijo", "latitud": 20.89584466, "longitud": -89.64965574, "fecha_alta": "2010-07", "layer": "Com_men_4", "path": "D:/Trabajos/Contaminantes/DENUE/Comercio_menor/Com_men_4.shp" }, "geometry": { "type": "Point", "coordinates": [ -89.649655740000014, 20.89584466 ] } },
{ "type": "Feature", "properties": { "id": 6280475, "clee": "31050468412000086001013071M9", "nom_estab": "GAS Z MATRIZ", "raz_social": "GAS L P DE MERIDA", "codigo_act": "468412", "nombre_act": "Comercio al por menor de gas L. P. en cilindros y para tanques estacionarios", "per_ocu": "251 y m?s personas", "tipo_vial": "AVENIDA", "nom_vial": "BENITO JU?REZ (AVIACI?N)", "tipo_v_e_1": "CALLE", "nom_v_e_1": "14", "tipo_v_e_2": "PRIVADA", "nom_v_e_2": "NINGUNO", "tipo_v_e_3": "PRIVADA", "nom_v_e_3": "NINGUNO", "numero_ext": null, "letra_ext": "SN", "edificio": null, "edificio_e": null, "numero_int": null, "letra_int": "SN", "tipo_asent": "CIUDAD INDUSTRIAL", "nomb_asent": "CIUDAD INDUSTRIAL", "tipoCenCom": null, "nom_CenCom": null, "num_local": null, "cod_postal": "97288", "cve_ent": "31", "entidad": "Yucat?n", "cve_mun": "050", "municipio": "M?rida", "cve_loc": "0001", "localidad": "M?rida", "ageb": "5390", "manzana": "001", "telefono": null, "correoelec": "JUAN.NEGROE@GRUPOZETA.VIZ", "www": "ZETAGASSUERESTE.COM", "tipoUniEco": "Fijo", "latitud": 20.93945889, "longitud": -89.6646606, "fecha_alta": "2014-12", "layer": "Com_men_4", "path": "D:/Trabajos/Contaminantes/DENUE/Comercio_menor/Com_men_4.shp" }, "geometry": { "type": "Point", "coordinates": [ -89.6646606, 20.93945889 ] } },
{ "type": "Feature", "properties": { "id": 6280492, "clee": "31050468411001093002013127S6", "nom_estab": "COMBUSTIBLES DE YUCATAN", "raz_social": "COMBUSTIBLES DE YUCATAN", "codigo_act": "468411", "nombre_act": "Comercio al por menor de gasolina y diesel", "per_ocu": "11 a 30 personas", "tipo_vial": "CIRCUITO", "nom_vial": "COLONIAS (111)", "tipo_v_e_1": "CALLE", "nom_v_e_1": "NINGUNO", "tipo_v_e_2": "CALLE", "nom_v_e_2": "46 (10 DE MAYO)", "tipo_v_e_3": "CALLE", "nom_v_e_3": "109", "numero_ext": "404", "letra_ext": "A-B", "edificio": null, "edificio_e": null, "numero_int": null, "letra_int": null, "tipo_asent": "COLONIA", "nomb_asent": "SANTA ROSA", "tipoCenCom": null, "nom_CenCom": null, "num_local": null, "cod_postal": "97279", "cve_ent": "31", "entidad": "Yucat?n", "cve_mun": "050", "municipio": "M?rida", "cve_loc": "0001", "localidad": "M?rida", "ageb": "0756", "manzana": "036", "telefono": null, "correoelec": "SAMUEL.HERRERA@LODEMORED.COM.MX", "www": "WWW.LODEMORED.COM.MX", "tipoUniEco": "Fijo", "latitud": 20.93822664, "longitud": -89.61849755, "fecha_alta": "2014-12", "layer": "Com_men_4", "path": "D:/Trabajos/Contaminantes/DENUE/Comercio_menor/Com_men_4.shp" }, "geometry": { "type": "Point", "coordinates": [ -89.61849755, 20.93822664 ] } },
{ "type": "Feature", "properties": { "id": 6280493, "clee": "31050468411001103000013127S3", "nom_estab": "COMBUSTIBLES DE YUCATAN", "raz_social": "COMBUSTIBLES DE YUCATAN", "codigo_act": "468411", "nombre_act": "Comercio al por menor de gasolina y diesel", "per_ocu": "11 a 30 personas", "tipo_vial": "CALLE", "nom_vial": "BENITO JU?REZ (21)", "tipo_v_e_1": "CALLE", "nom_v_e_1": "28", "tipo_v_e_2": "CALLE", "nom_v_e_2": "26", "tipo_v_e_3": "CALLE", "nom_v_e_3": "19", "numero_ext": "441", "letra_ext": null, "edificio": null, "edificio_e": null, "numero_int": null, "letra_int": null, "tipo_asent": "CIUDAD INDUSTRIAL", "nomb_asent": "CIUDAD INDUSTRIAL", "tipoCenCom": null, "nom_CenCom": null, "num_local": null, "cod_postal": "97288", "cve_ent": "31", "entidad": "Yucat?n", "cve_mun": "050", "municipio": "M?rida", "cve_loc": "0001", "localidad": "M?rida", "ageb": "5386", "manzana": "005", "telefono": null, "correoelec": "SAMUEL.HERRERA@LODEMORED.COM.MX", "www": "WWW.LODEMORED.COM.MX", "tipoUniEco": "Fijo", "latitud": 20.92665375, "longitud": -89.68499369, "fecha_alta": "2014-12", "layer": "Com_men_4", "path": "D:/Trabajos/Contaminantes/DENUE/Comercio_menor/Com_men_4.shp" }, "geometry": { "type": "Point", "coordinates": [ -89.68499369, 20.92665375 ] } },
{ "type": "Feature", "properties": { "id": 6413007, "clee": "31050468411000141001000000U4", "nom_estab": "SUPER SERVICIO SAN MIGUEL", "raz_social": "SUPER SERVICIO SAN MIGUEL", "codigo_act": "468411", "nombre_act": "Comercio al por menor de gasolina y diesel", "per_ocu": "11 a 30 personas", "tipo_vial": "AVENIDA", "nom_vial": "36", "tipo_v_e_1": "CALLE", "nom_v_e_1": "36 A", "tipo_v_e_2": "CALLE", "nom_v_e_2": "NINGUNO", "tipo_v_e_3": "CALLE", "nom_v_e_3": "19", "numero_ext": "300", "letra_ext": null, "edificio": "SAN MIGUEL", "edificio_e": "17", "numero_int": null, "letra_int": null, "tipo_asent": "COLONIA", "nomb_asent": "MIGUEL ALEM?N", "tipoCenCom": null, "nom_CenCom": null, "num_local": null, "cod_postal": "97148", "cve_ent": "31", "entidad": "Yucat?n", "cve_mun": "050", "municipio": "M?rida", "cve_loc": "0001", "localidad": "M?rida", "ageb": "4119", "manzana": "027", "telefono": null, "correoelec": "MHERRERA220@HOTMAIL.COM.MX", "www": null, "tipoUniEco": "Fijo", "latitud": 20.99207162, "longitud": -89.60377235, "fecha_alta": "2010-07", "layer": "Com_men_4", "path": "D:/Trabajos/Contaminantes/DENUE/Comercio_menor/Com_men_4.shp" }, "geometry": { "type": "Point", "coordinates": [ -89.60377235, 20.99207162 ] } },
{ "type": "Feature", "properties": { "id": 6413385, "clee": "31050468412000032002013171S3", "nom_estab": "GAS IMPERIAL", "raz_social": "GAS DE YUCATAN", "codigo_act": "468412", "nombre_act": "Comercio al por menor de gas L. P. en cilindros y para tanques estacionarios", "per_ocu": "6 a 10 personas", "tipo_vial": "AVENIDA", "nom_vial": "BENITO JU?REZ (AVIACI?N)", "tipo_v_e_1": "CALLE", "nom_v_e_1": "110", "tipo_v_e_2": "CALLE", "nom_v_e_2": "110 A", "tipo_v_e_3": "CALLE", "nom_v_e_3": "81", "numero_ext": null, "letra_ext": "SN", "edificio": null, "edificio_e": null, "numero_int": null, "letra_int": null, "tipo_asent": "COLONIA", "nomb_asent": "LIBERTAD", "tipoCenCom": null, "nom_CenCom": null, "num_local": null, "cod_postal": "97256", "cve_ent": "31", "entidad": "Yucat?n", "cve_mun": "050", "municipio": "M?rida", "cve_loc": "0001", "localidad": "M?rida", "ageb": "5390", "manzana": "006", "telefono": null, "correoelec": "LACHAN@GASIMPERIAL.COM.MX", "www": "WWW.GRUPO-IMPERIAL.COM.MX", "tipoUniEco": "Fijo", "latitud": 20.94357954, "longitud": -89.65816273, "fecha_alta": "2010-07", "layer": "Com_men_4", "path": "D:/Trabajos/Contaminantes/DENUE/Comercio_menor/Com_men_4.shp" }, "geometry": { "type": "Point", "coordinates": [ -89.65816273, 20.94357954 ] } },
{ "type": "Feature", "properties": { "id": 6413459, "clee": "31050468411001003000000000U5", "nom_estab": "GASOLINERA SERVICIO CAMPESTRE", "raz_social": "ESTACI?N DE SERVICIO CAMPESTRE", "codigo_act": "468411", "nombre_act": "Comercio al por menor de gasolina y diesel", "per_ocu": "11 a 30 personas", "tipo_vial": "CALLE", "nom_vial": "50 DIAGONAL (PROLONGACI?N PASEO DE MONTEJO)", "tipo_v_e_1": "CALLE", "nom_v_e_1": "46 A", "tipo_v_e_2": "CALLE", "nom_v_e_2": "NINGUNO", "tipo_v_e_3": "CALLE", "nom_v_e_3": "33", "numero_ext": "500", "letra_ext": null, "edificio": null, "edificio_e": null, "numero_int": null, "letra_int": null, "tipo_asent": "COLONIA", "nomb_asent": "GONZALO GUERRERO", "tipoCenCom": null, "nom_CenCom": null, "num_local": null, "cod_postal": "97118", "cve_ent": "31", "entidad": "Yucat?n", "cve_mun": "050", "municipio": "M?rida", "cve_loc": "0001", "localidad": "M?rida", "ageb": "2343", "manzana": "028", "telefono": null, "correoelec": "ESTACION.CAMPESTRE@GMAIL.COM", "www": null, "tipoUniEco": "Fijo", "latitud": 21.0260149, "longitud": -89.62422037, "fecha_alta": "2010-07", "layer": "Com_men_4", "path": "D:/Trabajos/Contaminantes/DENUE/Comercio_menor/Com_men_4.shp" }, "geometry": { "type": "Point", "coordinates": [ -89.62422037, 21.0260149 ] } },
{ "type": "Feature", "properties": { "id": 6413497, "clee": "31050468411000031000000000U7", "nom_estab": "GRUPO ENERKOM", "raz_social": "GASOLINERA SERVICIO ORIENTE", "codigo_act": "468411", "nombre_act": "Comercio al por menor de gasolina y diesel", "per_ocu": "11 a 30 personas", "tipo_vial": "CALLE", "nom_vial": "27", "tipo_v_e_1": "CALLE", "nom_v_e_1": "24", "tipo_v_e_2": "CALLE", "nom_v_e_2": "65", "tipo_v_e_3": "CALLE", "nom_v_e_3": "27", "numero_ext": "86", "letra_ext": null, "edificio": null, "edificio_e": null, "numero_int": null, "letra_int": null, "tipo_asent": "COLONIA", "nomb_asent": "CHICHEN ITZA", "tipoCenCom": null, "nom_CenCom": null, "num_local": null, "cod_postal": "97170", "cve_ent": "31", "entidad": "Yucat?n", "cve_mun": "050", "municipio": "M?rida", "cve_loc": "0001", "localidad": "M?rida", "ageb": "3233", "manzana": "033", "telefono": null, "correoelec": "JEFATURA.CONTABLE@ENERKOM.COM.MX", "www": "WWW.ENERKOM.COM.MX", "tipoUniEco": "Fijo", "latitud": 20.96018203, "longitud": -89.57747825, "fecha_alta": "2010-07", "layer": "Com_men_4", "path": "D:/Trabajos/Contaminantes/DENUE/Comercio_menor/Com_men_4.shp" }, "geometry": { "type": "Point", "coordinates": [ -89.57747825, 20.96018203 ] } },
{ "type": "Feature", "properties": { "id": 6413694, "clee": "31050468411000923002000000U5", "nom_estab": "COMBUSTIBLES Y LUBRICANTES DEL MAYAB", "raz_social": "COMBUSTIBLES Y LUBRICANTES DEL MAYAB", "codigo_act": "468411", "nombre_act": "Comercio al por menor de gasolina y diesel", "per_ocu": "11 a 30 personas", "tipo_vial": "CALLE", "nom_vial": "21", "tipo_v_e_1": "CALLE", "nom_v_e_1": "50", "tipo_v_e_2": "CALLE", "nom_v_e_2": "52", "tipo_v_e_3": "CALLE", "nom_v_e_3": "17 A", "numero_ext": "325", "letra_ext": null, "edificio": null, "edificio_e": null, "numero_int": null, "letra_int": null, "tipo_asent": "COLONIA", "nomb_asent": "MIGUEL HIDALGO", "tipoCenCom": null, "nom_CenCom": null, "num_local": null, "cod_postal": "97229", "cve_ent": "31", "entidad": "Yucat?n", "cve_mun": "050", "municipio": "M?rida", "cve_loc": "0001", "localidad": "M?rida", "ageb": "2606", "manzana": "034", "telefono": null, "correoelec": "FCOMENDICUTITOVAR@HOTMAIL.COM", "www": null, "tipoUniEco": "Fijo", "latitud": 20.99015881, "longitud": -89.64901962, "fecha_alta": "2010-07", "layer": "Com_men_4", "path": "D:/Trabajos/Contaminantes/DENUE/Comercio_menor/Com_men_4.shp" }, "geometry": { "type": "Point", "coordinates": [ -89.649019620000018, 20.99015881 ] } },
{ "type": "Feature", "properties": { "id": 6413949, "clee": "31050468411000292100000000U5", "nom_estab": "SERVICIO VISTA ALEGRE", "raz_social": "COMBUSTIBLES Y LUBRICANTES VISTA ALEGRE", "codigo_act": "468411", "nombre_act": "Comercio al por menor de gasolina y diesel", "per_ocu": "6 a 10 personas", "tipo_vial": "CALLE", "nom_vial": "17", "tipo_v_e_1": "CALLE", "nom_v_e_1": "18", "tipo_v_e_2": "CALLE", "nom_v_e_2": "16", "tipo_v_e_3": "CALLE", "nom_v_e_3": "15", "numero_ext": "185", "letra_ext": null, "edificio": null, "edificio_e": null, "numero_int": null, "letra_int": null, "tipo_asent": "COLONIA", "nomb_asent": "MEXICO ORIENTE JARDINES DEL NORTE DE PRADO NORTE", "tipoCenCom": null, "nom_CenCom": null, "num_local": null, "cod_postal": "97137", "cve_ent": "31", "entidad": "Yucat?n", "cve_mun": "050", "municipio": "M?rida", "cve_loc": "0001", "localidad": "M?rida", "ageb": "523A", "manzana": "004", "telefono": null, "correoelec": "FCOMENDICUTITOVAR@HOTMAIL.COM", "www": null, "tipoUniEco": "Fijo", "latitud": 21.00276498, "longitud": -89.60270294, "fecha_alta": "2010-07", "layer": "Com_men_4", "path": "D:/Trabajos/Contaminantes/DENUE/Comercio_menor/Com_men_4.shp" }, "geometry": { "type": "Point", "coordinates": [ -89.60270294, 21.00276498 ] } },
{ "type": "Feature", "properties": { "id": 6413956, "clee": "31050468411000953000000000U2", "nom_estab": "SERVICIO CINCO COLONIAS", "raz_social": "COMBUSTIBLES Y LUBRICANTES CINCO COLONIAS", "codigo_act": "468411", "nombre_act": "Comercio al por menor de gasolina y diesel", "per_ocu": "11 a 30 personas", "tipo_vial": "OTRO(ESPECIFIQUE)", "nom_vial": "50", "tipo_v_e_1": "CALLE", "nom_v_e_1": "133", "tipo_v_e_2": "CALLE", "nom_v_e_2": "131", "tipo_v_e_3": "CALLE", "nom_v_e_3": "44 (50 A)", "numero_ext": "871", "letra_ext": null, "edificio": null, "edificio_e": null, "numero_int": null, "letra_int": null, "tipo_asent": "COLONIA", "nomb_asent": "CINCO COLONIAS", "tipoCenCom": null, "nom_CenCom": null, "num_local": null, "cod_postal": "97280", "cve_ent": "31", "entidad": "Yucat?n", "cve_mun": "050", "municipio": "M?rida", "cve_loc": "0001", "localidad": "M?rida", "ageb": "3144", "manzana": "021", "telefono": null, "correoelec": "FCOMENDICUTITOVAR@HOTMAIL.COM", "www": null, "tipoUniEco": "Fijo", "latitud": 20.92636784, "longitud": -89.62064088, "fecha_alta": "2014-12", "layer": "Com_men_4", "path": "D:/Trabajos/Contaminantes/DENUE/Comercio_menor/Com_men_4.shp" }, "geometry": { "type": "Point", "coordinates": [ -89.62064088, 20.92636784 ] } },
{ "type": "Feature", "properties": { "id": 6413994, "clee": "31050431110000263000000000U8", "nom_estab": "GASOLINERIA ESTACION DE SERVICIO E05584", "raz_social": "COMBUSTIBLES Y LUBRICANTES DE MERIDA", "codigo_act": "468411", "nombre_act": "Comercio al por menor de gasolina y diesel", "per_ocu": "11 a 30 personas", "tipo_vial": "CALLE", "nom_vial": "BENITO JUAREZ (AVIACION)", "tipo_v_e_1": "CALLE", "nom_v_e_1": "21", "tipo_v_e_2": "AVENIDA", "nom_v_e_2": "PALMA REAL", "tipo_v_e_3": "OTRO(ESPECIFIQUE)", "nom_v_e_3": "37", "numero_ext": "278", "letra_ext": null, "edificio": null, "edificio_e": null, "numero_int": null, "letra_int": null, "tipo_asent": "COLONIA", "nomb_asent": "CIUDAD INDUSTRIAL", "tipoCenCom": "CIUDAD INDUSTRIAL", "nom_CenCom": "CIUDAD INDUSTRIAL M?RIDA", "num_local": "SN", "cod_postal": "97288", "cve_ent": "31", "entidad": "Yucat?n", "cve_mun": "050", "municipio": "M?rida", "cve_loc": "0001", "localidad": "M?rida", "ageb": "4000", "manzana": "016", "telefono": null, "correoelec": "FCOMENDICUTITOVAR@HOTMAIL.COM", "www": null, "tipoUniEco": "Fijo", "latitud": 20.9323187, "longitud": -89.6736477, "fecha_alta": "2011-03", "layer": "Com_men_4", "path": "D:/Trabajos/Contaminantes/DENUE/Comercio_menor/Com_men_4.shp" }, "geometry": { "type": "Point", "coordinates": [ -89.673647700000018, 20.9323187 ] } },
{ "type": "Feature", "properties": { "id": 6414180, "clee": "31050468411000362001023930M6", "nom_estab": "PROMOTORA DE GASOLINERIAS ESTACION 7902", "raz_social": "PROMOTORA DE GASOLINERIAS", "codigo_act": "468411", "nombre_act": "Comercio al por menor de gasolina y diesel", "per_ocu": "6 a 10 personas", "tipo_vial": "CALLE", "nom_vial": "42", "tipo_v_e_1": "CALLE", "nom_v_e_1": "49 E", "tipo_v_e_2": "CALLE", "nom_v_e_2": "51", "tipo_v_e_3": "CALLE", "nom_v_e_3": "44", "numero_ext": "299", "letra_ext": null, "edificio": null, "edificio_e": null, "numero_int": "1", "letra_int": "A", "tipo_asent": "FRACCIONAMIENTO", "nomb_asent": "FRANCISCO DE MONTEJO", "tipoCenCom": null, "nom_CenCom": null, "num_local": null, "cod_postal": "97203", "cve_ent": "31", "entidad": "Yucat?n", "cve_mun": "050", "municipio": "M?rida", "cve_loc": "0001", "localidad": "M?rida", "ageb": "3712", "manzana": "029", "telefono": null, "correoelec": "LAURA.CABALLERO@PROMOTORA.COM", "www": null, "tipoUniEco": "Fijo", "latitud": 21.03044098, "longitud": -89.64203596, "fecha_alta": "2010-07", "layer": "Com_men_4", "path": "D:/Trabajos/Contaminantes/DENUE/Comercio_menor/Com_men_4.shp" }, "geometry": { "type": "Point", "coordinates": [ -89.64203596, 21.03044098 ] } },
{ "type": "Feature", "properties": { "id": 6414244, "clee": "31050468411000493002012879M9", "nom_estab": "ESTACION YUCATAN", "raz_social": "AUTOSERVICIO YUCATAN", "codigo_act": "468411", "nombre_act": "Comercio al por menor de gasolina y diesel", "per_ocu": "11 a 30 personas", "tipo_vial": "CIRCUITO", "nom_vial": "COLONIAS (22)", "tipo_v_e_1": "CALLE", "nom_v_e_1": "13", "tipo_v_e_2": "CALLE", "nom_v_e_2": "11", "tipo_v_e_3": "CALLE", "nom_v_e_3": "20", "numero_ext": "101", "letra_ext": null, "edificio": null, "edificio_e": null, "numero_int": "0", "letra_int": "SN", "tipo_asent": "COLONIA", "nomb_asent": "YUCAT?N", "tipoCenCom": null, "nom_CenCom": null, "num_local": null, "cod_postal": "97050", "cve_ent": "31", "entidad": "Yucat?n", "cve_mun": "050", "municipio": "M?rida", "cve_loc": "0001", "localidad": "M?rida", "ageb": "1504", "manzana": "023", "telefono": "9992439299", "correoelec": "CONTADORGENERAL@GMEGASUR.COM.MX", "www": "WWW.MEGASUR.COM.MX", "tipoUniEco": "Fijo", "latitud": 20.99710064, "longitud": -89.6238243, "fecha_alta": "2010-07", "layer": "Com_men_4", "path": "D:/Trabajos/Contaminantes/DENUE/Comercio_menor/Com_men_4.shp" }, "geometry": { "type": "Point", "coordinates": [ -89.6238243, 20.99710064 ] } },
{ "type": "Feature", "properties": { "id": 6414315, "clee": "31050468411000663000000000U7", "nom_estab": "GULF CANEK", "raz_social": "CORPORACION CANEK DE COMBUSTIBLES", "codigo_act": "468411", "nombre_act": "Comercio al por menor de gasolina y diesel", "per_ocu": "11 a 30 personas", "tipo_vial": "AVENIDA", "nom_vial": "JACINTO CANEK (59 A)", "tipo_v_e_1": "CALLE", "nom_v_e_1": "100", "tipo_v_e_2": "CALLE", "nom_v_e_2": "98", "tipo_v_e_3": "CALLE", "nom_v_e_3": "57", "numero_ext": "529", "letra_ext": "B", "edificio": null, "edificio_e": null, "numero_int": "0", "letra_int": "SN", "tipo_asent": "FRACCIONAMIENTO", "nomb_asent": "PASEO DE LAS FUENTES", "tipoCenCom": null, "nom_CenCom": null, "num_local": null, "cod_postal": "97225", "cve_ent": "31", "entidad": "Yucat?n", "cve_mun": "050", "municipio": "M?rida", "cve_loc": "0001", "localidad": "M?rida", "ageb": "2748", "manzana": "022", "telefono": null, "correoelec": "CONTACTO.LODEMO@LODEMORED.COM.MX", "www": "LODEMO.COM.MX", "tipoUniEco": "Fijo", "latitud": 20.97963377, "longitud": -89.64739098, "fecha_alta": "2010-07", "layer": "Com_men_4", "path": "D:/Trabajos/Contaminantes/DENUE/Comercio_menor/Com_men_4.shp" }, "geometry": { "type": "Point", "coordinates": [ -89.64739098, 20.97963377 ] } },
{ "type": "Feature", "properties": { "id": 6414368, "clee": "31050468411000603001000000U3", "nom_estab": "GASOLINERA E 03441", "raz_social": "ESTACION DE SERVICIO JACINTO CANEK", "codigo_act": "468411", "nombre_act": "Comercio al por menor de gasolina y diesel", "per_ocu": "31 a 50 personas", "tipo_vial": "AVENIDA", "nom_vial": "JACINTO CANEK (59 A)", "tipo_v_e_1": "AVENIDA", "nom_v_e_1": "M?RIDA 2000 (128 PONIENTE)", "tipo_v_e_2": "CALLE", "nom_v_e_2": "132", "tipo_v_e_3": "CALLE", "nom_v_e_3": "59 B", "numero_ext": "306", "letra_ext": null, "edificio": null, "edificio_e": null, "numero_int": null, "letra_int": null, "tipo_asent": "FRACCIONAMIENTO", "nomb_asent": "YUCALPET?N", "tipoCenCom": null, "nom_CenCom": null, "num_local": null, "cod_postal": "97238", "cve_ent": "31", "entidad": "Yucat?n", "cve_mun": "050", "municipio": "M?rida", "cve_loc": "0001", "localidad": "M?rida", "ageb": "2625", "manzana": "008", "telefono": "9991346133", "correoelec": "ALFONSOMIR@GMAIL.COM", "www": null, "tipoUniEco": "Fijo", "latitud": 20.99125336, "longitud": -89.6665537, "fecha_alta": "2010-07", "layer": "Com_men_4", "path": "D:/Trabajos/Contaminantes/DENUE/Comercio_menor/Com_men_4.shp" }, "geometry": { "type": "Point", "coordinates": [ -89.6665537, 20.99125336 ] } },
{ "type": "Feature", "properties": { "id": 6414385, "clee": "31101468411000044002000000U1", "nom_estab": "ESTACION PERIFERICO SUR", "raz_social": "ESTACION PERIFERICO SUR", "codigo_act": "468411", "nombre_act": "Comercio al por menor de gasolina y diesel", "per_ocu": "51 a 100 personas", "tipo_vial": "PERIFERICO", "nom_vial": "LICENCIADO MANUEL BERZUNZA", "tipo_v_e_1": "CALLE", "nom_v_e_1": "NINGUNO", "tipo_v_e_2": "CALLE", "nom_v_e_2": "MONTE", "tipo_v_e_3": "CALLE", "nom_v_e_3": "NINGUNO", "numero_ext": "18108", "letra_ext": null, "edificio": null, "edificio_e": null, "numero_int": "0", "letra_int": "SN", "tipo_asent": "COLONIA", "nomb_asent": "SANTA CRUZ PALOMEQUE", "tipoCenCom": null, "nom_CenCom": null, "num_local": null, "cod_postal": "97315", "cve_ent": "31", "entidad": "Yucat?n", "cve_mun": "050", "municipio": "M?rida", "cve_loc": "0001", "localidad": "M?rida", "ageb": "0474", "manzana": "012", "telefono": null, "correoelec": "PERIFERICOSUR.3@GMAIL.COM", "www": "WWW.PERIFERICO.COM", "tipoUniEco": "Fijo", "latitud": 20.90439451, "longitud": -89.67688062000001, "fecha_alta": "2010-07", "layer": "Com_men_4", "path": "D:/Trabajos/Contaminantes/DENUE/Comercio_menor/Com_men_4.shp" }, "geometry": { "type": "Point", "coordinates": [ -89.67688062, 20.90439451 ] } },
{ "type": "Feature", "properties": { "id": 6414391, "clee": "31050468411000402002020880M0", "nom_estab": "GASOLINERA SERVICIOS TAC MERIDA", "raz_social": "SERVICIOS TAC", "codigo_act": "468411", "nombre_act": "Comercio al por menor de gasolina y diesel", "per_ocu": "11 a 30 personas", "tipo_vial": "AVENIDA", "nom_vial": "ITZ?ES (86 B)", "tipo_v_e_1": "CALLE", "nom_v_e_1": "77", "tipo_v_e_2": "CALLE", "nom_v_e_2": "90", "tipo_v_e_3": "CALLE", "nom_v_e_3": "90", "numero_ext": "589", "letra_ext": "A", "edificio": null, "edificio_e": null, "numero_int": "0", "letra_int": "SN", "tipo_asent": "COLONIA", "nomb_asent": "SAMBUL?", "tipoCenCom": null, "nom_CenCom": null, "num_local": null, "cod_postal": "97259", "cve_ent": "31", "entidad": "Yucat?n", "cve_mun": "050", "municipio": "M?rida", "cve_loc": "0001", "localidad": "M?rida", "ageb": "0597", "manzana": "027", "telefono": null, "correoelec": "TAC_MERIDA@GRUPOLAMOL.COM.MX", "www": null, "tipoUniEco": "Fijo", "latitud": 20.95794448, "longitud": -89.64257488, "fecha_alta": "2010-07", "layer": "Com_men_4", "path": "D:/Trabajos/Contaminantes/DENUE/Comercio_menor/Com_men_4.shp" }, "geometry": { "type": "Point", "coordinates": [ -89.64257488, 20.95794448 ] } },
{ "type": "Feature", "properties": { "id": 6414402, "clee": "31050468412000075002012915M2", "nom_estab": "GAS TOMZA DE YUCATAN", "raz_social": "GAS TOMZA DE YUCATAN", "codigo_act": "468412", "nombre_act": "Comercio al por menor de gas L. P. en cilindros y para tanques estacionarios", "per_ocu": "101 a 250 personas", "tipo_vial": "AVENIDA", "nom_vial": "BENITO JU?REZ (AVIACI?N)", "tipo_v_e_1": "PRIVADA", "nom_v_e_1": "NINGUNO", "tipo_v_e_2": "CALLE", "nom_v_e_2": "112", "tipo_v_e_3": "VIADUCTO", "nom_v_e_3": "NINGUNO", "numero_ext": "847", "letra_ext": null, "edificio": null, "edificio_e": null, "numero_int": null, "letra_int": "SN", "tipo_asent": "COLONIA", "nomb_asent": "NUEVA SAMBULA", "tipoCenCom": null, "nom_CenCom": null, "num_local": null, "cod_postal": "97250", "cve_ent": "31", "entidad": "Yucat?n", "cve_mun": "050", "municipio": "M?rida", "cve_loc": "0001", "localidad": "M?rida", "ageb": "5390", "manzana": "008", "telefono": null, "correoelec": "IFRANCO.G@TOMZA.COM", "www": "WWW.GRUPOTOMZA.COM", "tipoUniEco": "Fijo", "latitud": 20.94123176, "longitud": -89.66179785, "fecha_alta": "2014-12", "layer": "Com_men_4", "path": "D:/Trabajos/Contaminantes/DENUE/Comercio_menor/Com_men_4.shp" }, "geometry": { "type": "Point", "coordinates": [ -89.66179785, 20.94123176 ] } },
{ "type": "Feature", "properties": { "id": 6414408, "clee": "31050468411001083000012879S7", "nom_estab": "ESTACION PERIFERICO SUR", "raz_social": "AUTOSERVICIO YUCATAN", "codigo_act": "468411", "nombre_act": "Comercio al por menor de gasolina y diesel", "per_ocu": "11 a 30 personas", "tipo_vial": "PERIFERICO", "nom_vial": "LICENCIADO MANUEL BERZUNZA", "tipo_v_e_1": "CALLE", "nom_v_e_1": "101", "tipo_v_e_2": "CALLE", "nom_v_e_2": "81", "tipo_v_e_3": "CALLE", "nom_v_e_3": "48", "numero_ext": "18963", "letra_ext": null, "edificio": null, "edificio_e": null, "numero_int": null, "letra_int": null, "tipo_asent": "FRACCIONAMIENTO", "nomb_asent": "PASEOS DE OPICH?N", "tipoCenCom": null, "nom_CenCom": null, "num_local": null, "cod_postal": "97246", "cve_ent": "31", "entidad": "Yucat?n", "cve_mun": "050", "municipio": "M?rida", "cve_loc": "0001", "localidad": "M?rida", "ageb": "5494", "manzana": "066", "telefono": null, "correoelec": "CONTADORGENERAL@GMEGASUR.COM.MX", "www": "WWWMEGASUR.COM.MX", "tipoUniEco": "Fijo", "latitud": 20.94263616, "longitud": -89.69833655, "fecha_alta": "2010-07", "layer": "Com_men_4", "path": "D:/Trabajos/Contaminantes/DENUE/Comercio_menor/Com_men_4.shp" }, "geometry": { "type": "Point", "coordinates": [ -89.69833655, 20.94263616 ] } },
{ "type": "Feature", "properties": { "id": 6414410, "clee": "31050468411000392001013001M3", "nom_estab": "ESTACION DE SERVICIO PEPETO", "raz_social": null, "codigo_act": "468411", "nombre_act": "Comercio al por menor de gasolina y diesel", "per_ocu": "11 a 30 personas", "tipo_vial": "CALLE", "nom_vial": "37", "tipo_v_e_1": "CALLE", "nom_v_e_1": "50", "tipo_v_e_2": "CALLE", "nom_v_e_2": "48", "tipo_v_e_3": "CALLE", "nom_v_e_3": "39", "numero_ext": "398", "letra_ext": null, "edificio": null, "edificio_e": null, "numero_int": null, "letra_int": null, "tipo_asent": "COLONIA", "nomb_asent": "H?CTOR VICTORIA AGUILAR", "tipoCenCom": null, "nom_CenCom": null, "num_local": null, "cod_postal": "97100", "cve_ent": "31", "entidad": "Yucat?n", "cve_mun": "050", "municipio": "M?rida", "cve_loc": "0001", "localidad": "M?rida", "ageb": "4104", "manzana": "023", "telefono": null, "correoelec": "BEAFCARR@HOTMAIL.COM", "www": null, "tipoUniEco": "Fijo", "latitud": 20.98196248, "longitud": -89.61259928, "fecha_alta": "2010-07", "layer": "Com_men_4", "path": "D:/Trabajos/Contaminantes/DENUE/Comercio_menor/Com_men_4.shp" }, "geometry": { "type": "Point", "coordinates": [ -89.61259928, 20.98196248 ] } },
{ "type": "Feature", "properties": { "id": 6414429, "clee": "31050468411000653000000000U8", "nom_estab": "COMBUSTIBLES Y LUBRICANTES AVILA CAMACHO", "raz_social": "COMBUSTIBLES Y LUBRICANTES AVILA CAMACHO", "codigo_act": "468411", "nombre_act": "Comercio al por menor de gasolina y diesel", "per_ocu": "11 a 30 personas", "tipo_vial": "CALLE", "nom_vial": "49", "tipo_v_e_1": "CALLE", "nom_v_e_1": "14", "tipo_v_e_2": "CALLE", "nom_v_e_2": "12", "tipo_v_e_3": "CALLE", "nom_v_e_3": "47 A", "numero_ext": "343", "letra_ext": null, "edificio": null, "edificio_e": null, "numero_int": null, "letra_int": null, "tipo_asent": "COLONIA", "nomb_asent": "MANUEL AVILA CAMACHO", "tipoCenCom": null, "nom_CenCom": null, "num_local": null, "cod_postal": "97159", "cve_ent": "31", "entidad": "Yucat?n", "cve_mun": "050", "municipio": "M?rida", "cve_loc": "0001", "localidad": "M?rida", "ageb": "2856", "manzana": "024", "telefono": null, "correoelec": "FCOMENDICUTITOVAR@HOTMAIL.COM", "www": null, "tipoUniEco": "Fijo", "latitud": 20.97435628, "longitud": -89.58571601, "fecha_alta": "2010-07", "layer": "Com_men_4", "path": "D:/Trabajos/Contaminantes/DENUE/Comercio_menor/Com_men_4.shp" }, "geometry": { "type": "Point", "coordinates": [ -89.58571601, 20.97435628 ] } },
{ "type": "Feature", "properties": { "id": 6414493, "clee": "31050468411000523002000000U3", "nom_estab": "ESTACION DE SERVICIO PERIFERICO NORTE", "raz_social": "ESTACION DE SERVICIO PERIFERICO NORTE", "codigo_act": "468411", "nombre_act": "Comercio al por menor de gasolina y diesel", "per_ocu": "51 a 100 personas", "tipo_vial": "PERIFERICO", "nom_vial": "LICENCIADO MANUEL BERZUNZA", "tipo_v_e_1": "CALLE", "nom_v_e_1": "24", "tipo_v_e_2": "CALLE", "nom_v_e_2": "22", "tipo_v_e_3": "CALLE", "nom_v_e_3": "7 B", "numero_ext": "349", "letra_ext": null, "edificio": null, "edificio_e": null, "numero_int": null, "letra_int": null, "tipo_asent": "COLONIA", "nomb_asent": "SANTA GERTRUDIS COP?", "tipoCenCom": null, "nom_CenCom": null, "num_local": null, "cod_postal": "97300", "cve_ent": "31", "entidad": "Yucat?n", "cve_mun": "050", "municipio": "M?rida", "cve_loc": "0001", "localidad": "M?rida", "ageb": "3445", "manzana": "012", "telefono": null, "correoelec": "CONTABILIDAD.ESTACIONES@ABIMERHI.COM", "www": "WWW.ABIMERHI.COM", "tipoUniEco": "Fijo", "latitud": 21.03937069, "longitud": -89.60131704, "fecha_alta": "2010-07", "layer": "Com_men_4", "path": "D:/Trabajos/Contaminantes/DENUE/Comercio_menor/Com_men_4.shp" }, "geometry": { "type": "Point", "coordinates": [ -89.60131704, 21.03937069 ] } },
{ "type": "Feature", "properties": { "id": 6414743, "clee": "31050468412000104102005224S0", "nom_estab": "PLANTA SONIGAS PLAYA DEL MERIDA", "raz_social": "SONIGAS", "codigo_act": "468412", "nombre_act": "Comercio al por menor de gas L. P. en cilindros y para tanques estacionarios", "per_ocu": "51 a 100 personas", "tipo_vial": "CALLE", "nom_vial": "22", "tipo_v_e_1": "CALLE", "nom_v_e_1": "11", "tipo_v_e_2": "CALLE", "nom_v_e_2": "13", "tipo_v_e_3": "CALLE", "nom_v_e_3": "20", "numero_ext": "321", "letra_ext": null, "edificio": null, "edificio_e": null, "numero_int": null, "letra_int": null, "tipo_asent": "COLONIA", "nomb_asent": "CIUDAD INDUSTRIAL", "tipoCenCom": null, "nom_CenCom": null, "num_local": null, "cod_postal": "97288", "cve_ent": "31", "entidad": "Yucat?n", "cve_mun": "050", "municipio": "M?rida", "cve_loc": "0001", "localidad": "M?rida", "ageb": "3549", "manzana": "018", "telefono": null, "correoelec": "MERIDA.ATENCION@SONIGAS.COM.MX", "www": null, "tipoUniEco": "Fijo", "latitud": 20.93601671, "longitud": -89.68173004000001, "fecha_alta": "2014-12", "layer": "Com_men_4", "path": "D:/Trabajos/Contaminantes/DENUE/Comercio_menor/Com_men_4.shp" }, "geometry": { "type": "Point", "coordinates": [ -89.68173004, 20.93601671 ] } },
{ "type": "Feature", "properties": { "id": 6416477, "clee": "31050468412000111012012915S5", "nom_estab": "GAS TOMZA DE YUCATAN AVIACION", "raz_social": "GAS TOMZA DE YUCATAN", "codigo_act": "468413", "nombre_act": "Comercio al por menor de gas L. P. en estaciones de carburación", "per_ocu": "6 a 10 personas", "tipo_vial": "AVENIDA", "nom_vial": "BENITO JU?REZ (AVIACI?N)", "tipo_v_e_1": "CALLE", "nom_v_e_1": "21", "tipo_v_e_2": "AVENIDA", "nom_v_e_2": "PALMA REAL", "tipo_v_e_3": "CALLE", "nom_v_e_3": "37", "numero_ext": "276", "letra_ext": null, "edificio": null, "edificio_e": null, "numero_int": null, "letra_int": null, "tipo_asent": "CIUDAD INDUSTRIAL", "nomb_asent": "CIUDAD INDUSTRIAL", "tipoCenCom": null, "nom_CenCom": null, "num_local": null, "cod_postal": "97288", "cve_ent": "31", "entidad": "Yucat?n", "cve_mun": "050", "municipio": "M?rida", "cve_loc": "0001", "localidad": "M?rida", "ageb": "4000", "manzana": "016", "telefono": null, "correoelec": "IFRANCO.G@TOMZA.COM", "www": "WWW.TOMZA.COM", "tipoUniEco": "Fijo", "latitud": 20.93309788, "longitud": -89.67264348, "fecha_alta": "2010-07", "layer": "Com_men_4", "path": "D:/Trabajos/Contaminantes/DENUE/Comercio_menor/Com_men_4.shp" }, "geometry": { "type": "Point", "coordinates": [ -89.672643480000019, 20.93309788 ] } },
{ "type": "Feature", "properties": { "id": 6467021, "clee": "31050468411001581001000000U0", "nom_estab": "GASOLINERA ESTACION 11493", "raz_social": "COMBUSTIBLES Y LUBRICANTES ESCALA", "codigo_act": "468411", "nombre_act": "Comercio al por menor de gasolina y diesel", "per_ocu": "11 a 30 personas", "tipo_vial": "OTRO(ESPECIFIQUE)", "nom_vial": "187 DIAG", "tipo_v_e_1": "CALLE", "nom_v_e_1": "NINGUNO", "tipo_v_e_2": "CALLE", "nom_v_e_2": "58", "tipo_v_e_3": "CALLE", "nom_v_e_3": "180", "numero_ext": "496", "letra_ext": null, "edificio": null, "edificio_e": null, "numero_int": null, "letra_int": null, "tipo_asent": "COLONIA", "nomb_asent": "NUEVA SAN JOSE TECOH", "tipoCenCom": null, "nom_CenCom": null, "num_local": null, "cod_postal": "97315", "cve_ent": "31", "entidad": "Yucat?n", "cve_mun": "050", "municipio": "M?rida", "cve_loc": "0001", "localidad": "M?rida", "ageb": "6859", "manzana": "005", "telefono": "9993174646", "correoelec": "FCOMENDICUTITOVAR@HOTMAIL.COM", "www": null, "tipoUniEco": "Fijo", "latitud": 20.90182738, "longitud": -89.63637336, "fecha_alta": "2010-07", "layer": "Com_men_4", "path": "D:/Trabajos/Contaminantes/DENUE/Comercio_menor/Com_men_4.shp" }, "geometry": { "type": "Point", "coordinates": [ -89.63637336, 20.90182738 ] } },
{ "type": "Feature", "properties": { "id": 6491666, "clee": "31050468411001333002059381S6", "nom_estab": "SERVICIO PERIFERICO DE ORIENTE", "raz_social": "ENERKOM CONSULTORIA EN ADMINISTRACION", "codigo_act": "468411", "nombre_act": "Comercio al por menor de gasolina y diesel", "per_ocu": "11 a 30 personas", "tipo_vial": "CALLE", "nom_vial": "27", "tipo_v_e_1": "PERIFERICO", "nom_v_e_1": "LICENCIADO MANUEL BERZUNZA", "tipo_v_e_2": "CALLE", "nom_v_e_2": "NINGUNO", "tipo_v_e_3": "CALLE", "nom_v_e_3": "25 C", "numero_ext": "322", "letra_ext": null, "edificio": null, "edificio_e": null, "numero_int": null, "letra_int": null, "tipo_asent": "COLONIA", "nomb_asent": "BENITO JUAREZ ORIENTE", "tipoCenCom": null, "nom_CenCom": null, "num_local": null, "cod_postal": "97178", "cve_ent": "31", "entidad": "Yucat?n", "cve_mun": "050", "municipio": "M?rida", "cve_loc": "0001", "localidad": "M?rida", "ageb": "3248", "manzana": "031", "telefono": null, "correoelec": "JEFATURA.CONTABLE@ENERKOM.COM.MX", "www": "WWW.ENERKOM.COM.MX", "tipoUniEco": "Fijo", "latitud": 20.95615421, "longitud": -89.56861644, "fecha_alta": "2016-01", "layer": "Com_men_4", "path": "D:/Trabajos/Contaminantes/DENUE/Comercio_menor/Com_men_4.shp" }, "geometry": { "type": "Point", "coordinates": [ -89.568616440000014, 20.95615421 ] } },
{ "type": "Feature", "properties": { "id": 6714754, "clee": "31050468411001672001008448S7", "nom_estab": "OXXO GAS SUC AEROPUERTO MERIDA E09473", "raz_social": "SERVICIOS GASOLINEROS DE MEXICO", "codigo_act": "468411", "nombre_act": "Comercio al por menor de gasolina y diesel", "per_ocu": "11 a 30 personas", "tipo_vial": "AVENIDA", "nom_vial": "BENITO JU?REZ (AVIACI?N)", "tipo_v_e_1": "CALLE", "nom_v_e_1": "21", "tipo_v_e_2": "CALLE", "nom_v_e_2": "23", "tipo_v_e_3": "CALLE", "nom_v_e_3": "37", "numero_ext": "276", "letra_ext": null, "edificio": null, "edificio_e": null, "numero_int": null, "letra_int": null, "tipo_asent": "ZONA INDUSTRIAL", "nomb_asent": "CIUDAD INDUSTRIAL", "tipoCenCom": "CIUDAD INDUSTRIAL", "nom_CenCom": "CIUDAD INDUSTRIAL M?RIDA", "num_local": "SN", "cod_postal": "97288", "cve_ent": "31", "entidad": "Yucat?n", "cve_mun": "050", "municipio": "M?rida", "cve_loc": "0001", "localidad": "M?rida", "ageb": "4000", "manzana": "016", "telefono": null, "correoelec": "ATENCIONCLIENTES@OXXOGAS.COM", "www": "WWW.OXXOGAS.COM", "tipoUniEco": "Fijo", "latitud": 20.9333482, "longitud": -89.67237012, "fecha_alta": "2016-01", "layer": "Com_men_4", "path": "D:/Trabajos/Contaminantes/DENUE/Comercio_menor/Com_men_4.shp" }, "geometry": { "type": "Point", "coordinates": [ -89.67237012, 20.9333482 ] } },
{ "type": "Feature", "properties": { "id": 6719414, "clee": "31050468411001692001057856S5", "nom_estab": "GASOLINERA COMBUSTIBLES PERIFERICO SUR ESTACION 12177", "raz_social": "COMBUSTIBLES PERIFERICO SUR", "codigo_act": "468411", "nombre_act": "Comercio al por menor de gasolina y diesel", "per_ocu": "11 a 30 personas", "tipo_vial": "AVENIDA", "nom_vial": "70", "tipo_v_e_1": "CALLE", "nom_v_e_1": "93", "tipo_v_e_2": "OTRO(ESPECIFIQUE)", "nom_v_e_2": "NINGUNO", "tipo_v_e_3": "DIAGONAL", "nom_v_e_3": "82", "numero_ext": null, "letra_ext": "SN", "edificio": null, "edificio_e": null, "numero_int": null, "letra_int": null, "tipo_asent": "FRACCIONAMIENTO", "nomb_asent": "CIUDAD CAUCEL", "tipoCenCom": null, "nom_CenCom": null, "num_local": null, "cod_postal": "97314", "cve_ent": "31", "entidad": "Yucat?n", "cve_mun": "050", "municipio": "M?rida", "cve_loc": "0001", "localidad": "M?rida", "ageb": "5812", "manzana": "048", "telefono": null, "correoelec": "CAUCEL70@CORPORATIVOLUGAY.COM.MX", "www": null, "tipoUniEco": "Fijo", "latitud": 20.98707614, "longitud": -89.70223749, "fecha_alta": "2016-01", "layer": "Com_men_4", "path": "D:/Trabajos/Contaminantes/DENUE/Comercio_menor/Com_men_4.shp" }, "geometry": { "type": "Point", "coordinates": [ -89.70223749, 20.98707614 ] } },
{ "type": "Feature", "properties": { "id": 6720560, "clee": "31050468411001652002000000U9", "nom_estab": "GASOLINERA MAGNOLIAS ESTACION DE SERVICIO 12113", "raz_social": "IMPULSO PENINSULAR", "codigo_act": "468411", "nombre_act": "Comercio al por menor de gasolina y diesel", "per_ocu": "6 a 10 personas", "tipo_vial": "PERIFERICO", "nom_vial": "LICENCIADO MANUEL BERZUNZA", "tipo_v_e_1": "CALLE", "nom_v_e_1": "63 A", "tipo_v_e_2": "CALLE", "nom_v_e_2": "11 (35 DIAGONAL)", "tipo_v_e_3": "OTRO(ESPECIFIQUE)", "nom_v_e_3": "NINGUNO", "numero_ext": "294", "letra_ext": null, "edificio": null, "edificio_e": null, "numero_int": null, "letra_int": null, "tipo_asent": "FRACCIONAMIENTO", "nomb_asent": "MAGNOLIAS", "tipoCenCom": null, "nom_CenCom": null, "num_local": null, "cod_postal": "97203", "cve_ent": "31", "entidad": "Yucat?n", "cve_mun": "050", "municipio": "M?rida", "cve_loc": "0001", "localidad": "M?rida", "ageb": "3356", "manzana": "037", "telefono": null, "correoelec": "GAS_MAGNOLIAS@HOTMAIL.COM", "www": null, "tipoUniEco": "Fijo", "latitud": 21.02138551, "longitud": -89.65977407, "fecha_alta": "2016-01", "layer": "Com_men_4", "path": "D:/Trabajos/Contaminantes/DENUE/Comercio_menor/Com_men_4.shp" }, "geometry": { "type": "Point", "coordinates": [ -89.65977407, 21.02138551 ] } },
{ "type": "Feature", "properties": { "id": 6729477, "clee": "31050468411001561001000000U2", "nom_estab": "ESTACION DE SERVICIO PACABTUN E08681", "raz_social": "ESTACION DE SERVICIO PACABTUN", "codigo_act": "468411", "nombre_act": "Comercio al por menor de gasolina y diesel", "per_ocu": "11 a 30 personas", "tipo_vial": "CALLE", "nom_vial": "FIDEL VELAZQUEZ", "tipo_v_e_1": "CALLE", "nom_v_e_1": "12", "tipo_v_e_2": "CALLE", "nom_v_e_2": "10", "tipo_v_e_3": "OTRO(ESPECIFIQUE)", "nom_v_e_3": "57 B", "numero_ext": "801", "letra_ext": null, "edificio": null, "edificio_e": null, "numero_int": null, "letra_int": null, "tipo_asent": "FRACCIONAMIENTO", "nomb_asent": "DEL PARQUE", "tipoCenCom": null, "nom_CenCom": null, "num_local": null, "cod_postal": "97160", "cve_ent": "31", "entidad": "Yucat?n", "cve_mun": "050", "municipio": "M?rida", "cve_loc": "0001", "localidad": "M?rida", "ageb": "1218", "manzana": "072", "telefono": null, "correoelec": "CONTAB.LAMOLLJ@GMAIL.COM", "www": "WWW.GRUPOLAMOL.COM.MX", "tipoUniEco": "Fijo", "latitud": 20.96464251, "longitud": -89.58313264, "fecha_alta": "2016-01", "layer": "Com_men_4", "path": "D:/Trabajos/Contaminantes/DENUE/Comercio_menor/Com_men_4.shp" }, "geometry": { "type": "Point", "coordinates": [ -89.583132640000017, 20.96464251 ] } },
{ "type": "Feature", "properties": { "id": 6751620, "clee": "31050468411001733002000000U7", "nom_estab": "GASOLINERA LOS COCOS", "raz_social": "GASOCOCOS", "codigo_act": "468411", "nombre_act": "Comercio al por menor de gasolina y diesel", "per_ocu": "11 a 30 personas", "tipo_vial": "CALLE", "nom_vial": "95", "tipo_v_e_1": "CALLE", "nom_v_e_1": "58", "tipo_v_e_2": "AVENIDA", "nom_v_e_2": "ARMANDO MANZANERO(60)", "tipo_v_e_3": "CALLE", "nom_v_e_3": "101", "numero_ext": "728", "letra_ext": "B", "edificio": null, "edificio_e": null, "numero_int": null, "letra_int": null, "tipo_asent": "COLONIA", "nomb_asent": "DOLORES OTERO", "tipoCenCom": null, "nom_CenCom": null, "num_local": null, "cod_postal": "97000", "cve_ent": "31", "entidad": "Yucat?n", "cve_mun": "050", "municipio": "M?rida", "cve_loc": "0001", "localidad": "M?rida", "ageb": "5314", "manzana": "025", "telefono": null, "correoelec": "JURIDICO@CORPORATIVOLUGAY.COM", "www": null, "tipoUniEco": "Fijo", "latitud": 20.94442736, "longitud": -89.62787319, "fecha_alta": "2016-10", "layer": "Com_men_4", "path": "D:/Trabajos/Contaminantes/DENUE/Comercio_menor/Com_men_4.shp" }, "geometry": { "type": "Point", "coordinates": [ -89.627873190000017, 20.94442736 ] } },
{ "type": "Feature", "properties": { "id": 6765590, "clee": "31050468411001742001000000U8", "nom_estab": "ESTACION GASOLINERA 12857", "raz_social": "SC PETROQUIMICA", "codigo_act": "468411", "nombre_act": "Comercio al por menor de gasolina y diesel", "per_ocu": "11 a 30 personas", "tipo_vial": "CALLE", "nom_vial": "11", "tipo_v_e_1": "CALLE", "nom_v_e_1": "NINGUNO", "tipo_v_e_2": "CALLE", "nom_v_e_2": "NINGUNO", "tipo_v_e_3": "CALLE", "nom_v_e_3": "13", "numero_ext": "312", "letra_ext": null, "edificio": null, "edificio_e": null, "numero_int": null, "letra_int": null, "tipo_asent": "COLONIA", "nomb_asent": "SANTA GERTRUDIS COP?", "tipoCenCom": null, "nom_CenCom": null, "num_local": null, "cod_postal": "97305", "cve_ent": "31", "entidad": "Yucat?n", "cve_mun": "050", "municipio": "M?rida", "cve_loc": "0001", "localidad": "M?rida", "ageb": "4602", "manzana": "042", "telefono": null, "correoelec": "ESTACION12857@NAFTAGAS.COM.MX", "www": "WWW.NAFTAGAS.COM.MX", "tipoUniEco": "Fijo", "latitud": 21.03624311, "longitud": -89.59462341, "fecha_alta": "2016-10", "layer": "Com_men_4", "path": "D:/Trabajos/Contaminantes/DENUE/Comercio_menor/Com_men_4.shp" }, "geometry": { "type": "Point", "coordinates": [ -89.59462341, 21.03624311 ] } },
{ "type": "Feature", "properties": { "id": 6780427, "clee": "31050468411001762000013127S6", "nom_estab": "COMBUSTIBLES DE YUCATAN CHICHI II", "raz_social": "COMBUSTIBLES DE YUCATAN", "codigo_act": "468411", "nombre_act": "Comercio al por menor de gasolina y diesel", "per_ocu": "6 a 10 personas", "tipo_vial": "CALLE", "nom_vial": "35", "tipo_v_e_1": "CALLE", "nom_v_e_1": "2", "tipo_v_e_2": "CALLE", "nom_v_e_2": "4", "tipo_v_e_3": "CALLE", "nom_v_e_3": "33", "numero_ext": "213", "letra_ext": null, "edificio": null, "edificio_e": null, "numero_int": null, "letra_int": null, "tipo_asent": "COLONIA", "nomb_asent": "SANTA MAR?A", "tipoCenCom": null, "nom_CenCom": null, "num_local": null, "cod_postal": "97138", "cve_ent": "31", "entidad": "Yucat?n", "cve_mun": "050", "municipio": "M?rida", "cve_loc": "0001", "localidad": "M?rida", "ageb": "3695", "manzana": "038", "telefono": null, "correoelec": "SAMUEL.HERRERA@LODEMORED.COM.MX", "www": "WWW.LODEMORED.COM.MX", "tipoUniEco": "Fijo", "latitud": 20.99889972, "longitud": -89.56276715, "fecha_alta": "2017-03", "layer": "Com_men_4", "path": "D:/Trabajos/Contaminantes/DENUE/Comercio_menor/Com_men_4.shp" }, "geometry": { "type": "Point", "coordinates": [ -89.56276715, 20.99889972 ] } },
{ "type": "Feature", "properties": { "id": 6853506, "clee": "31050468411001822001013127S8", "nom_estab": "LA GAS CHICHI SUAREZ", "raz_social": "COMBUSTIBLES DE YUCATAN", "codigo_act": "468411", "nombre_act": "Comercio al por menor de gasolina y diesel", "per_ocu": "11 a 30 personas", "tipo_vial": "CALLE", "nom_vial": "43", "tipo_v_e_1": "CALLE", "nom_v_e_1": "6", "tipo_v_e_2": "CALLE", "nom_v_e_2": "4", "tipo_v_e_3": "CALLE", "nom_v_e_3": "45", "numero_ext": "200", "letra_ext": null, "edificio": null, "edificio_e": null, "numero_int": null, "letra_int": null, "tipo_asent": "COLONIA", "nomb_asent": "LEANDRO VALLE", "tipoCenCom": null, "nom_CenCom": null, "num_local": null, "cod_postal": "97143", "cve_ent": "31", "entidad": "Yucat?n", "cve_mun": "050", "municipio": "M?rida", "cve_loc": "0001", "localidad": "M?rida", "ageb": "3962", "manzana": "012", "telefono": null, "correoelec": "SAMUEL.HERRERA@LODEMORED.COM.MX", "www": "WWW.LODEMORED.COM.MX", "tipoUniEco": "Fijo", "latitud": 20.9947905, "longitud": -89.56236171, "fecha_alta": "2018-11", "layer": "Com_men_4", "path": "D:/Trabajos/Contaminantes/DENUE/Comercio_menor/Com_men_4.shp" }, "geometry": { "type": "Point", "coordinates": [ -89.56236171, 20.9947905 ] } },
{ "type": "Feature", "properties": { "id": 6854569, "clee": "31050468411001802001013127S0", "nom_estab": "LA GAS REAL MONTEJO", "raz_social": "COMBUSTIBLES DE YUCATAN", "codigo_act": "468411", "nombre_act": "Comercio al por menor de gasolina y diesel", "per_ocu": "11 a 30 personas", "tipo_vial": "CALLE", "nom_vial": "NINGUNO", "tipo_v_e_1": "CALLE", "nom_v_e_1": "NINGUNO", "tipo_v_e_2": "OTRO(ESPECIFIQUE)", "nom_v_e_2": "NINGUNO", "tipo_v_e_3": "CALLE", "nom_v_e_3": "51 B", "numero_ext": "640", "letra_ext": null, "edificio": null, "edificio_e": null, "numero_int": null, "letra_int": null, "tipo_asent": "COLONIA", "nomb_asent": "REAL MONTEJO", "tipoCenCom": null, "nom_CenCom": null, "num_local": null, "cod_postal": "97302", "cve_ent": "31", "entidad": "Yucat?n", "cve_mun": "050", "municipio": "M?rida", "cve_loc": "0001", "localidad": "M?rida", "ageb": "5526", "manzana": "024", "telefono": null, "correoelec": "SAMUEL.HERRERA@LODEMORED.COM.MX", "www": "WWW.LODEMORED.COM.MX", "tipoUniEco": "Fijo", "latitud": 21.03642652, "longitud": -89.66063815, "fecha_alta": "2018-11", "layer": "Com_men_4", "path": "D:/Trabajos/Contaminantes/DENUE/Comercio_menor/Com_men_4.shp" }, "geometry": { "type": "Point", "coordinates": [ -89.66063815, 21.03642652 ] } },
{ "type": "Feature", "properties": { "id": 6856545, "clee": "31050468411001973001059382S9", "nom_estab": "ESTACION DE SERVICIO CAUCEL", "raz_social": "ESTACION DE SERVICIO CAUCEL", "codigo_act": "468411", "nombre_act": "Comercio al por menor de gasolina y diesel", "per_ocu": "31 a 50 personas", "tipo_vial": "AVENIDA", "nom_vial": "SAN PEDRO", "tipo_v_e_1": "AVENIDA", "nom_v_e_1": "59 A", "tipo_v_e_2": "CALLE", "nom_v_e_2": "SAN PEDRO", "tipo_v_e_3": "PERIFERICO", "nom_v_e_3": "LICENCIADO MANUEL BERZUNZA", "numero_ext": "40352", "letra_ext": null, "edificio": null, "edificio_e": null, "numero_int": null, "letra_int": null, "tipo_asent": "COLONIA", "nomb_asent": "CIUDAD CAUCEL", "tipoCenCom": null, "nom_CenCom": null, "num_local": null, "cod_postal": "97343", "cve_ent": "31", "entidad": "Yucat?n", "cve_mun": "050", "municipio": "M?rida", "cve_loc": "0001", "localidad": "M?rida", "ageb": "5761", "manzana": "002", "telefono": null, "correoelec": "CONTABILIDAD.ESTACIONES@ABIMERHI.COM", "www": "WWW.ABIMERHI.COM", "tipoUniEco": "Fijo", "latitud": 21.00083021, "longitud": -89.68213229, "fecha_alta": "2019-04", "layer": "Com_men_4", "path": "D:/Trabajos/Contaminantes/DENUE/Comercio_menor/Com_men_4.shp" }, "geometry": { "type": "Point", "coordinates": [ -89.68213229, 21.00083021 ] } },
{ "type": "Feature", "properties": { "id": 6861409, "clee": "31050468411001833002000000U5", "nom_estab": "SERVICIO FRACCIONAMIENTO DEL SUR", "raz_social": "SERVICIO FRACCIONAMIENTO DEL SUR", "codigo_act": "468411", "nombre_act": "Comercio al por menor de gasolina y diesel", "per_ocu": "11 a 30 personas", "tipo_vial": "CALLE", "nom_vial": "42", "tipo_v_e_1": "PERIFERICO", "nom_v_e_1": "LICENCIADO MANUEL BERZUNZA", "tipo_v_e_2": "CALLE", "nom_v_e_2": "119 (123)", "tipo_v_e_3": "CALLE", "nom_v_e_3": "44", "numero_ext": "207", "letra_ext": null, "edificio": null, "edificio_e": null, "numero_int": null, "letra_int": null, "tipo_asent": "FRACCIONAMIENTO", "nomb_asent": "DEL SUR", "tipoCenCom": null, "nom_CenCom": null, "num_local": null, "cod_postal": "97287", "cve_ent": "31", "entidad": "Yucat?n", "cve_mun": "050", "municipio": "M?rida", "cve_loc": "0001", "localidad": "M?rida", "ageb": "5140", "manzana": "037", "telefono": null, "correoelec": "SERVICIOFRACCIONAMIENTO8874@GMAIL.COM", "www": null, "tipoUniEco": "Fijo", "latitud": 20.92281817, "longitud": -89.60612377, "fecha_alta": "2019-04", "layer": "Com_men_4", "path": "D:/Trabajos/Contaminantes/DENUE/Comercio_menor/Com_men_4.shp" }, "geometry": { "type": "Point", "coordinates": [ -89.60612377, 20.92281817 ] } },
{ "type": "Feature", "properties": { "id": 6861606, "clee": "31050468411002032102000000U3", "nom_estab": "OLIVANDERS", "raz_social": "OLIVANDERS", "codigo_act": "468411", "nombre_act": "Comercio al por menor de gasolina y diesel", "per_ocu": "11 a 30 personas", "tipo_vial": "CARRETERA", "nom_vial": "NINGUNO", "tipo_v_e_1": "CALLE", "nom_v_e_1": "106", "tipo_v_e_2": "CALLE", "nom_v_e_2": "96", "tipo_v_e_3": "OTRO(ESPECIFIQUE)", "nom_v_e_3": "91 A", "numero_ext": "36345", "letra_ext": null, "edificio": null, "edificio_e": null, "numero_int": null, "letra_int": null, "tipo_asent": "FRACCIONAMIENTO", "nomb_asent": "CAUCEL II", "tipoCenCom": null, "nom_CenCom": null, "num_local": null, "cod_postal": "97314", "cve_ent": "31", "entidad": "Yucat?n", "cve_mun": "050", "municipio": "M?rida", "cve_loc": "0001", "localidad": "M?rida", "ageb": "6825", "manzana": "024", "telefono": null, "correoelec": "CONTABILIDAD2@CORPORATUVOLUGAY.COM.MX", "www": null, "tipoUniEco": "Fijo", "latitud": 20.9865771, "longitud": -89.71883028000001, "fecha_alta": "2019-04", "layer": "Com_men_4", "path": "D:/Trabajos/Contaminantes/DENUE/Comercio_menor/Com_men_4.shp" }, "geometry": { "type": "Point", "coordinates": [ -89.71883028000002, 20.9865771 ] } },
{ "type": "Feature", "properties": { "id": 6865501, "clee": "31050468411002091001022466M9", "nom_estab": "JUAN PABLO II", "raz_social": "CORPORATIVO GASOLINERO DEL CARIBE", "codigo_act": "468411", "nombre_act": "Comercio al por menor de gasolina y diesel", "per_ocu": "11 a 30 personas", "tipo_vial": "OTRO(ESPECIFIQUE)", "nom_vial": "LICENCIADO MANUEL BERZUNZA", "tipo_v_e_1": "CALLE", "nom_v_e_1": "5 I", "tipo_v_e_2": "CALLE", "nom_v_e_2": "5 B", "tipo_v_e_3": "PERIFERICO", "nom_v_e_3": "LICENCIADO MANUEL BERZUNZA", "numero_ext": "13893", "letra_ext": "TABLAJE", "edificio": null, "edificio_e": null, "numero_int": null, "letra_int": null, "tipo_asent": "FRACCIONAMIENTO", "nomb_asent": "JUAN PABLO II", "tipoCenCom": null, "nom_CenCom": null, "num_local": null, "cod_postal": "97246", "cve_ent": "31", "entidad": "Yucat?n", "cve_mun": "050", "municipio": "M?rida", "cve_loc": "0001", "localidad": "M?rida", "ageb": "4320", "manzana": "001", "telefono": "9991161373", "correoelec": "SAMUEL.HERRERA@LODEMORED.COM.MX", "www": "WWW.GRUPOLAMOL.COM.MMX", "tipoUniEco": "Fijo", "latitud": 20.98556262, "longitud": -89.6793086, "fecha_alta": "2019-04", "layer": "Com_men_4", "path": "D:/Trabajos/Contaminantes/DENUE/Comercio_menor/Com_men_4.shp" }, "geometry": { "type": "Point", "coordinates": [ -89.6793086, 20.98556262 ] } },
{ "type": "Feature", "properties": { "id": 6873925, "clee": "31101468411000091002026723S2", "nom_estab": "CARBURANTES DE YUCATAN UMAN", "raz_social": "CARBURANTES DE YUCATAN", "codigo_act": "468411", "nombre_act": "Comercio al por menor de gasolina y diesel", "per_ocu": "31 a 50 personas", "tipo_vial": "CALLE", "nom_vial": "28", "tipo_v_e_1": "CALLE", "nom_v_e_1": "71", "tipo_v_e_2": "CALLE", "nom_v_e_2": "73", "tipo_v_e_3": "CALLE", "nom_v_e_3": "30", "numero_ext": null, "letra_ext": "SN", "edificio": null, "edificio_e": null, "numero_int": null, "letra_int": null, "tipo_asent": "COLONIA", "nomb_asent": "EL ROBLE", "tipoCenCom": null, "nom_CenCom": null, "num_local": null, "cod_postal": "97288", "cve_ent": "31", "entidad": "Yucat?n", "cve_mun": "050", "municipio": "M?rida", "cve_loc": "0001", "localidad": "M?rida", "ageb": "6134", "manzana": "035", "telefono": null, "correoelec": "1SUPERVISOR.CONTABLE@PETROMAYAB.COM.MX", "www": "WWW.PETROMAYAB.COM", "tipoUniEco": "Fijo", "latitud": 20.90669207, "longitud": -89.67748819000001, "fecha_alta": "2019-04", "layer": "Com_men_4", "path": "D:/Trabajos/Contaminantes/DENUE/Comercio_menor/Com_men_4.shp" }, "geometry": { "type": "Point", "coordinates": [ -89.67748819, 20.90669207 ] } },
{ "type": "Feature", "properties": { "id": 6873966, "clee": "31050468411001941002018461S6", "nom_estab": "ESTACION CHUBURNA", "raz_social": "MEGASERVICIOS", "codigo_act": "468411", "nombre_act": "Comercio al por menor de gasolina y diesel", "per_ocu": "6 a 10 personas", "tipo_vial": "CALLE", "nom_vial": "22 B", "tipo_v_e_1": "CALLE", "nom_v_e_1": "13", "tipo_v_e_2": "CALLE", "nom_v_e_2": "13 A", "tipo_v_e_3": "CALLE", "nom_v_e_3": "24", "numero_ext": "99", "letra_ext": null, "edificio": null, "edificio_e": null, "numero_int": null, "letra_int": null, "tipo_asent": "COLONIA", "nomb_asent": "CHUBURNA INN II", "tipoCenCom": null, "nom_CenCom": null, "num_local": null, "cod_postal": "97205", "cve_ent": "31", "entidad": "Yucat?n", "cve_mun": "050", "municipio": "M?rida", "cve_loc": "0001", "localidad": "M?rida", "ageb": "2466", "manzana": "040", "telefono": null, "correoelec": "CONTADORGENERAL@GMEGASUR.COM.MX", "www": "WWW.MEGASUR.COM.MX", "tipoUniEco": "Fijo", "latitud": 21.02030296, "longitud": -89.63524261000001, "fecha_alta": "2019-04", "layer": "Com_men_4", "path": "D:/Trabajos/Contaminantes/DENUE/Comercio_menor/Com_men_4.shp" }, "geometry": { "type": "Point", "coordinates": [ -89.63524261, 21.02030296 ] } },
{ "type": "Feature", "properties": { "id": 6874410, "clee": "31050468411001911002022466S9", "nom_estab": "CORPORATIVO GASOLINERO DEL CARIBE MELITON", "raz_social": "CORPORATIVO GASOLINERO DEL CARIBE", "codigo_act": "468411", "nombre_act": "Comercio al por menor de gasolina y diesel", "per_ocu": "6 a 10 personas", "tipo_vial": "CALLE", "nom_vial": "95", "tipo_v_e_1": "CALLE", "nom_v_e_1": "66", "tipo_v_e_2": "CALLE", "nom_v_e_2": "64 D", "tipo_v_e_3": "CALLE", "nom_v_e_3": "99", "numero_ext": "560", "letra_ext": null, "edificio": null, "edificio_e": null, "numero_int": null, "letra_int": null, "tipo_asent": "COLONIA", "nomb_asent": "MELIT?N SALAZAR", "tipoCenCom": null, "nom_CenCom": null, "num_local": null, "cod_postal": "97269", "cve_ent": "31", "entidad": "Yucat?n", "cve_mun": "050", "municipio": "M?rida", "cve_loc": "0001", "localidad": "M?rida", "ageb": "4123", "manzana": "008", "telefono": null, "correoelec": "SAMUEL.HERRERA@LODEMORED.COM.MX", "www": "WWW.LODEMORED.COM", "tipoUniEco": "Fijo", "latitud": 20.94925822, "longitud": -89.63693403000001, "fecha_alta": "2019-04", "layer": "Com_men_4", "path": "D:/Trabajos/Contaminantes/DENUE/Comercio_menor/Com_men_4.shp" }, "geometry": { "type": "Point", "coordinates": [ -89.63693403, 20.94925822 ] } },
{ "type": "Feature", "properties": { "id": 6874411, "clee": "31050468411001931001017072M7", "nom_estab": "FOMENTO GASOLINERO PERIFERICO 50", "raz_social": "FOMENTO GASOLINERO", "codigo_act": "468411", "nombre_act": "Comercio al por menor de gasolina y diesel", "per_ocu": "11 a 30 personas", "tipo_vial": "CALLE", "nom_vial": "LICENCIADO MANUEL BERZUNZA (159)", "tipo_v_e_1": "CALLE", "nom_v_e_1": "48", "tipo_v_e_2": "CALLE", "nom_v_e_2": "46 C", "tipo_v_e_3": "CALLE", "nom_v_e_3": "147", "numero_ext": "921", "letra_ext": null, "edificio": null, "edificio_e": null, "numero_int": null, "letra_int": null, "tipo_asent": "COLONIA", "nomb_asent": "JARDINES DEL SUR", "tipoCenCom": null, "nom_CenCom": null, "num_local": null, "cod_postal": "97285", "cve_ent": "31", "entidad": "Yucat?n", "cve_mun": "050", "municipio": "M?rida", "cve_loc": "0001", "localidad": "M?rida", "ageb": "3515", "manzana": "035", "telefono": null, "correoelec": "GERENTE.PERIFERICO50@LODEMORED.COM.MX", "www": "WWW.LODEMORED.COM.MX", "tipoUniEco": "Fijo", "latitud": 20.91440442, "longitud": -89.61706668, "fecha_alta": "2019-04", "layer": "Com_men_4", "path": "D:/Trabajos/Contaminantes/DENUE/Comercio_menor/Com_men_4.shp" }, "geometry": { "type": "Point", "coordinates": [ -89.61706668, 20.91440442 ] } },
{ "type": "Feature", "properties": { "id": 6874517, "clee": "31050468411002043001026609S0", "nom_estab": "ESTACION COLONIA MEXICO NORTE", "raz_social": "SERVICIOS HIDASA", "codigo_act": "468411", "nombre_act": "Comercio al por menor de gasolina y diesel", "per_ocu": "6 a 10 personas", "tipo_vial": "CALLE", "nom_vial": "31", "tipo_v_e_1": "CALLE", "nom_v_e_1": "8", "tipo_v_e_2": "CALLE", "nom_v_e_2": "10", "tipo_v_e_3": "CALLE", "nom_v_e_3": "29", "numero_ext": "211", "letra_ext": null, "edificio": null, "edificio_e": null, "numero_int": null, "letra_int": null, "tipo_asent": "COLONIA", "nomb_asent": "MEXICO", "tipoCenCom": null, "nom_CenCom": null, "num_local": null, "cod_postal": "97137", "cve_ent": "31", "entidad": "Yucat?n", "cve_mun": "050", "municipio": "M?rida", "cve_loc": "0001", "localidad": "M?rida", "ageb": "5244", "manzana": "025", "telefono": null, "correoelec": "CONTADORGENERAL@GMEGASUR.COM.MX", "www": null, "tipoUniEco": "Fijo", "latitud": 20.99719934, "longitud": -89.60639914, "fecha_alta": "2019-04", "layer": "Com_men_4", "path": "D:/Trabajos/Contaminantes/DENUE/Comercio_menor/Com_men_4.shp" }, "geometry": { "type": "Point", "coordinates": [ -89.60639914, 20.99719934 ] } },
{ "type": "Feature", "properties": { "id": 6874547, "clee": "31050468411002011101023982M7", "nom_estab": "ESTACI?N DE SERVICIOS ABIMERHI CHOLUL", "raz_social": null, "codigo_act": "468411", "nombre_act": "Comercio al por menor de gasolina y diesel", "per_ocu": "11 a 30 personas", "tipo_vial": "CALLE", "nom_vial": "14", "tipo_v_e_1": "CALLE", "nom_v_e_1": "35 A", "tipo_v_e_2": "CALLE", "nom_v_e_2": "NINGUNO", "tipo_v_e_3": "CALLE", "nom_v_e_3": "12 F", "numero_ext": null, "letra_ext": "SN", "edificio": null, "edificio_e": null, "numero_int": null, "letra_int": null, "tipo_asent": "LOCALIDAD", "nomb_asent": "CHOLUL", "tipoCenCom": null, "nom_CenCom": null, "num_local": null, "cod_postal": "97300", "cve_ent": "31", "entidad": "Yucat?n", "cve_mun": "050", "municipio": "M?rida", "cve_loc": "0084", "localidad": "Cholul", "ageb": "3568", "manzana": "050", "telefono": null, "correoelec": "CONTABILIDAD.ESTACIONES@ABIMERHI.COM", "www": "WWW.ABIMERHI.COM", "tipoUniEco": "Fijo", "latitud": 21.0334573, "longitud": -89.55460506, "fecha_alta": "2019-04", "layer": "Com_men_4", "path": "D:/Trabajos/Contaminantes/DENUE/Comercio_menor/Com_men_4.shp" }, "geometry": { "type": "Point", "coordinates": [ -89.55460506, 21.0334573 ] } },
{ "type": "Feature", "properties": { "id": 6874548, "clee": "31050468411002023002021067S2", "nom_estab": "SERVICO EL ROBLE XCANATUN 2", "raz_social": "SERVICIO EL ROBLE", "codigo_act": "468411", "nombre_act": "Comercio al por menor de gasolina y diesel", "per_ocu": "11 a 30 personas", "tipo_vial": "OTRO(ESPECIFIQUE)", "nom_vial": "VISUAL", "tipo_v_e_1": "CALLE", "nom_v_e_1": "47", "tipo_v_e_2": "CALLE", "nom_v_e_2": "53", "tipo_v_e_3": "CALLE", "nom_v_e_3": "62", "numero_ext": null, "letra_ext": "SN", "edificio": null, "edificio_e": null, "numero_int": null, "letra_int": null, "tipo_asent": "ZONA FEDERAL", "nomb_asent": "LLENDO PARA PROGRESO", "tipoCenCom": null, "nom_CenCom": null, "num_local": null, "cod_postal": "97302", "cve_ent": "31", "entidad": "Yucat?n", "cve_mun": "050", "municipio": "M?rida", "cve_loc": "0001", "localidad": "M?rida", "ageb": "6736", "manzana": "009", "telefono": null, "correoelec": "XCANATUN2@LABSERGAS.NET", "www": null, "tipoUniEco": "Fijo", "latitud": 21.08525952, "longitud": -89.63677677, "fecha_alta": "2019-04", "layer": "Com_men_4", "path": "D:/Trabajos/Contaminantes/DENUE/Comercio_menor/Com_men_4.shp" }, "geometry": { "type": "Point", "coordinates": [ -89.63677677, 21.08525952 ] } },
{ "type": "Feature", "properties": { "id": 6874549, "clee": "31050468411002001001022466S8", "nom_estab": "CORPORATIVO GASOLINERO DEL CARIBE SODZIL", "raz_social": "CORPORATIVO GASOLINERO DEL CARIBE", "codigo_act": "468411", "nombre_act": "Comercio al por menor de gasolina y diesel", "per_ocu": "11 a 30 personas", "tipo_vial": "PERIFERICO", "nom_vial": "LICENCIADO MANUEL BERZUNZA", "tipo_v_e_1": "CALLE", "nom_v_e_1": "NINGUNO", "tipo_v_e_2": "CALLE", "nom_v_e_2": "22", "tipo_v_e_3": "AVENIDA", "nom_v_e_3": "39", "numero_ext": "30980", "letra_ext": "TABLAJE CATASTRAL", "edificio": null, "edificio_e": null, "numero_int": null, "letra_int": null, "tipo_asent": "COLONIA", "nomb_asent": "SODZIL NORTE", "tipoCenCom": null, "nom_CenCom": null, "num_local": null, "cod_postal": "97115", "cve_ent": "31", "entidad": "Yucat?n", "cve_mun": "050", "municipio": "M?rida", "cve_loc": "0001", "localidad": "M?rida", "ageb": "6505", "manzana": "001", "telefono": null, "correoelec": "SAMUEL.HERRERA@LODEMORED.COM.MX", "www": "WWW.LODEMORED.COM.MX", "tipoUniEco": "Fijo", "latitud": 21.04435206, "longitud": -89.61476468, "fecha_alta": "2019-04", "layer": "Com_men_4", "path": "D:/Trabajos/Contaminantes/DENUE/Comercio_menor/Com_men_4.shp" }, "geometry": { "type": "Point", "coordinates": [ -89.61476468, 21.04435206 ] } },
{ "type": "Feature", "properties": { "id": 6874557, "clee": "31050468411001981002024058M2", "nom_estab": "COMBUSTIBLES CHUBURNA", "raz_social": "COMBUSTIBLES CHUBURNA", "codigo_act": "468411", "nombre_act": "Comercio al por menor de gasolina y diesel", "per_ocu": "6 a 10 personas", "tipo_vial": "AVENIDA", "nom_vial": "TECNOL?GICO (60)", "tipo_v_e_1": "CALLE", "nom_v_e_1": "21 A", "tipo_v_e_2": "CALLE", "nom_v_e_2": "11", "tipo_v_e_3": "CALLE", "nom_v_e_3": "38", "numero_ext": "220", "letra_ext": null, "edificio": null, "edificio_e": null, "numero_int": null, "letra_int": null, "tipo_asent": "FRACCIONAMIENTO", "nomb_asent": "DEL NORTE", "tipoCenCom": null, "nom_CenCom": null, "num_local": null, "cod_postal": "97120", "cve_ent": "31", "entidad": "Yucat?n", "cve_mun": "050", "municipio": "M?rida", "cve_loc": "0001", "localidad": "M?rida", "ageb": "1472", "manzana": "044", "telefono": null, "correoelec": "ENCARGADOCCU@GRUPOABOL.COM", "www": "WWW.GRUPOABOL.COM", "tipoUniEco": "Fijo", "latitud": 21.00912772, "longitud": -89.62328693000001, "fecha_alta": "2019-04", "layer": "Com_men_4", "path": "D:/Trabajos/Contaminantes/DENUE/Comercio_menor/Com_men_4.shp" }, "geometry": { "type": "Point", "coordinates": [ -89.62328693, 21.00912772 ] } },
{ "type": "Feature", "properties": { "id": 6875268, "clee": "31050468411002071002021313M1", "nom_estab": "ESTACION JARDINES", "raz_social": "SERVICIO JARDINES", "codigo_act": "468411", "nombre_act": "Comercio al por menor de gasolina y diesel", "per_ocu": "6 a 10 personas", "tipo_vial": "AVENIDA", "nom_vial": "YUCAT?N (17)", "tipo_v_e_1": "CALLE", "nom_v_e_1": "21 DIAGONAL", "tipo_v_e_2": "PERIFERICO", "nom_v_e_2": "LICENCIADO MANUEL BERZUNZA", "tipo_v_e_3": "OTRO(ESPECIFIQUE)", "nom_v_e_3": "20 G", "numero_ext": "180", "letra_ext": null, "edificio": null, "edificio_e": null, "numero_int": null, "letra_int": null, "tipo_asent": "COLONIA", "nomb_asent": "JARDINES DEL NORTE", "tipoCenCom": null, "nom_CenCom": null, "num_local": null, "cod_postal": "97219", "cve_ent": "31", "entidad": "Yucat?n", "cve_mun": "050", "municipio": "M?rida", "cve_loc": "0001", "localidad": "M?rida", "ageb": "5174", "manzana": "019", "telefono": null, "correoelec": "CONTADORGENERAL@MEGASUR.COM.MX", "www": "WWW.MEGASUR.COM.MX", "tipoUniEco": "Fijo", "latitud": 21.02032922, "longitud": -89.56741997, "fecha_alta": "2019-04", "layer": "Com_men_4", "path": "D:/Trabajos/Contaminantes/DENUE/Comercio_menor/Com_men_4.shp" }, "geometry": { "type": "Point", "coordinates": [ -89.56741997, 21.02032922 ] } },
{ "type": "Feature", "properties": { "id": 6875269, "clee": "31050468411002051002018237S3", "nom_estab": "ESTACIONES DE SERVICIO DEL MAYAB ES11818", "raz_social": "ESTACIONES DE SERVICIO DEL MAYAB", "codigo_act": "468411", "nombre_act": "Comercio al por menor de gasolina y diesel", "per_ocu": "11 a 30 personas", "tipo_vial": "CALLE", "nom_vial": "31 C", "tipo_v_e_1": "CALLE", "nom_v_e_1": "22", "tipo_v_e_2": "CALLE", "nom_v_e_2": "20 CIRCUITO COLONIAS", "tipo_v_e_3": "CALLE", "nom_v_e_3": "31 D", "numero_ext": "186", "letra_ext": null, "edificio": null, "edificio_e": null, "numero_int": null, "letra_int": null, "tipo_asent": "COLONIA", "nomb_asent": "MIGUEL ALEMAN", "tipoCenCom": null, "nom_CenCom": null, "num_local": null, "cod_postal": "97148", "cve_ent": "31", "entidad": "Yucat?n", "cve_mun": "050", "municipio": "M?rida", "cve_loc": "0001", "localidad": "M?rida", "ageb": "4072", "manzana": "001", "telefono": "9993969542", "correoelec": "ESTACION11818@GMAIL.COM", "www": null, "tipoUniEco": "Fijo", "latitud": 20.98901657, "longitud": -89.59565643000001, "fecha_alta": "2019-04", "layer": "Com_men_4", "path": "D:/Trabajos/Contaminantes/DENUE/Comercio_menor/Com_men_4.shp" }, "geometry": { "type": "Point", "coordinates": [ -89.59565643, 20.98901657 ] } },
{ "type": "Feature", "properties": { "id": 6875324, "clee": "31050468411001863000021067S2", "nom_estab": "SERVICIO EL ROBLE XCANATUN1", "raz_social": "SERVICIO EL ROBLE", "codigo_act": "468411", "nombre_act": "Comercio al por menor de gasolina y diesel", "per_ocu": "11 a 30 personas", "tipo_vial": "OTRO(ESPECIFIQUE)", "nom_vial": "NINGUNO", "tipo_v_e_1": "OTRO(ESPECIFIQUE)", "nom_v_e_1": "NINGUNO", "tipo_v_e_2": "OTRO(ESPECIFIQUE)", "nom_v_e_2": "NINGUNO", "tipo_v_e_3": "OTRO(ESPECIFIQUE)", "nom_v_e_3": "NINGUNO", "numero_ext": "24673", "letra_ext": "TABLAJE CATASTRAL", "edificio": null, "edificio_e": null, "numero_int": null, "letra_int": null, "tipo_asent": "OTRO", "nomb_asent": "JUNTO AL COLISEO", "tipoCenCom": null, "nom_CenCom": null, "num_local": null, "cod_postal": "97302", "cve_ent": "31", "entidad": "Yucat?n", "cve_mun": "050", "municipio": "M?rida", "cve_loc": "1064", "localidad": "?nica Living [Privada Residencial]", "ageb": "2023", "manzana": "800", "telefono": null, "correoelec": "XCANATUN1@LABSERGAS.NET", "www": null, "tipoUniEco": "Fijo", "latitud": 21.09907581, "longitud": -89.63822908, "fecha_alta": "2019-04", "layer": "Com_men_4", "path": "D:/Trabajos/Contaminantes/DENUE/Comercio_menor/Com_men_4.shp" }, "geometry": { "type": "Point", "coordinates": [ -89.63822908, 21.09907581 ] } },
{ "type": "Feature", "properties": { "id": 6877298, "clee": "31050468411001921002021130S8", "nom_estab": "ESTACION COLONIA MEXICO", "raz_social": "PETROMERIDA", "codigo_act": "468411", "nombre_act": "Comercio al por menor de gasolina y diesel", "per_ocu": "6 a 10 personas", "tipo_vial": "CALLE", "nom_vial": "21", "tipo_v_e_1": "CALLE", "nom_v_e_1": "14", "tipo_v_e_2": "CALLE", "nom_v_e_2": "16", "tipo_v_e_3": "CALLE", "nom_v_e_3": "19", "numero_ext": "81", "letra_ext": null, "edificio": null, "edificio_e": null, "numero_int": null, "letra_int": null, "tipo_asent": "COLONIA", "nomb_asent": "MEXICO NORTE", "tipoCenCom": null, "nom_CenCom": null, "num_local": null, "cod_postal": "97101", "cve_ent": "31", "entidad": "Yucat?n", "cve_mun": "050", "municipio": "M?rida", "cve_loc": "0001", "localidad": "M?rida", "ageb": "2381", "manzana": "024", "telefono": null, "correoelec": "CONTADORGENERAL@GMEGASUR.COM.MX", "www": "WWW.MEGASUR.COM.MX", "tipoUniEco": "Fijo", "latitud": 21.00196531, "longitud": -89.6080205, "fecha_alta": "2019-04", "layer": "Com_men_4", "path": "D:/Trabajos/Contaminantes/DENUE/Comercio_menor/Com_men_4.shp" }, "geometry": { "type": "Point", "coordinates": [ -89.6080205, 21.00196531 ] } },
{ "type": "Feature", "properties": { "id": 6877779, "clee": "31050468411001841001022466S8", "nom_estab": "CORPORATIVO GASOLINERO DEL CARIBE CANEK", "raz_social": "CORPORATIVO GASOLINERO DEL CARIBE", "codigo_act": "468411", "nombre_act": "Comercio al por menor de gasolina y diesel", "per_ocu": "6 a 10 personas", "tipo_vial": "AVENIDA", "nom_vial": "JACINTO CANEK (59 A)", "tipo_v_e_1": "CALLE", "nom_v_e_1": "88", "tipo_v_e_2": "CALLE", "nom_v_e_2": "90 A", "tipo_v_e_3": "CALLE", "nom_v_e_3": "49", "numero_ext": "601", "letra_ext": null, "edificio": null, "edificio_e": null, "numero_int": null, "letra_int": null, "tipo_asent": "COLONIA", "nomb_asent": "CENTRO", "tipoCenCom": null, "nom_CenCom": null, "num_local": null, "cod_postal": "97000", "cve_ent": "31", "entidad": "Yucat?n", "cve_mun": "050", "municipio": "M?rida", "cve_loc": "0001", "localidad": "M?rida", "ageb": "0421", "manzana": "020", "telefono": null, "correoelec": "SAMUEL.HERRERA@LODEMORED.COM.MX", "www": "WWW.LODEMORED.COM.MX", "tipoUniEco": "Fijo", "latitud": 20.97717022, "longitud": -89.64334034, "fecha_alta": "2019-04", "layer": "Com_men_4", "path": "D:/Trabajos/Contaminantes/DENUE/Comercio_menor/Com_men_4.shp" }, "geometry": { "type": "Point", "coordinates": [ -89.64334034, 20.97717022 ] } },
{ "type": "Feature", "properties": { "id": 6879337, "clee": "31050468411002153001000000U7", "nom_estab": "MAXIMUS DE YUCATAN", "raz_social": "MAXIMUS DE YUCATAN", "codigo_act": "468411", "nombre_act": "Comercio al por menor de gasolina y diesel", "per_ocu": "6 a 10 personas", "tipo_vial": "CALLE", "nom_vial": "69", "tipo_v_e_1": "CALLE", "nom_v_e_1": "19", "tipo_v_e_2": "CALLE", "nom_v_e_2": "69", "tipo_v_e_3": "CALLE", "nom_v_e_3": "NINGUNO", "numero_ext": "30904", "letra_ext": "TABLAJE", "edificio": null, "edificio_e": null, "numero_int": null, "letra_int": null, "tipo_asent": "PUEBLO", "nomb_asent": "DZITYA", "tipoCenCom": null, "nom_CenCom": null, "num_local": null, "cod_postal": "97203", "cve_ent": "31", "entidad": "Yucat?n", "cve_mun": "050", "municipio": "M?rida", "cve_loc": "0001", "localidad": "M?rida", "ageb": "6098", "manzana": "005", "telefono": null, "correoelec": "ESTACION.DZITIA@ABIMERHI.COM", "www": null, "tipoUniEco": "Fijo", "latitud": 21.05162641, "longitud": -89.67009011, "fecha_alta": "2019-04", "layer": "Com_men_4", "path": "D:/Trabajos/Contaminantes/DENUE/Comercio_menor/Com_men_4.shp" }, "geometry": { "type": "Point", "coordinates": [ -89.67009011, 21.05162641 ] } },
{ "type": "Feature", "properties": { "id": 6879673, "clee": "31050468411002172001000000U7", "nom_estab": "LURPE COMBUSTIBLES PENINSULARES", "raz_social": "LURPE COMBUSTIBLES PENINSULARES", "codigo_act": "468411", "nombre_act": "Comercio al por menor de gasolina y diesel", "per_ocu": "11 a 30 personas", "tipo_vial": "CALLE", "nom_vial": "7", "tipo_v_e_1": "OTRO(ESPECIFIQUE)", "nom_v_e_1": "NINGUNO", "tipo_v_e_2": "CALLE", "nom_v_e_2": "LICENCIADO MANUEL BERZUNZA", "tipo_v_e_3": "CALLE", "nom_v_e_3": "NINGUNO", "numero_ext": "292", "letra_ext": null, "edificio": null, "edificio_e": null, "numero_int": null, "letra_int": null, "tipo_asent": "PUEBLO", "nomb_asent": "CHOLUL", "tipoCenCom": null, "nom_CenCom": null, "num_local": null, "cod_postal": "97305", "cve_ent": "31", "entidad": "Yucat?n", "cve_mun": "050", "municipio": "M?rida", "cve_loc": "0001", "localidad": "M?rida", "ageb": "4975", "manzana": "013", "telefono": "9994813190", "correoelec": "SAMUEL.HERRERA@LODEMORED.COM.MX", "www": null, "tipoUniEco": "Fijo", "latitud": 21.03109215, "longitud": -89.5670404, "fecha_alta": "2019-04", "layer": "Com_men_4", "path": "D:/Trabajos/Contaminantes/DENUE/Comercio_menor/Com_men_4.shp" }, "geometry": { "type": "Point", "coordinates": [ -89.5670404, 21.03109215 ] } },
{ "type": "Feature", "properties": { "id": 6880561, "clee": "31050468411002142002000000U0", "nom_estab": "PETROSERVICIOS YUCATAN", "raz_social": "PETROSERVICIOS YUCATAN", "codigo_act": "468411", "nombre_act": "Comercio al por menor de gasolina y diesel", "per_ocu": "31 a 50 personas", "tipo_vial": "CARRETERA", "nom_vial": "CARRETERA MERIDA-PROGRESO KM 27 TAB CAT 8245", "tipo_v_e_1": "OTRO(ESPECIFIQUE)", "nom_v_e_1": "NINGUNO", "tipo_v_e_2": "OTRO(ESPECIFIQUE)", "nom_v_e_2": "NINGUNO", "tipo_v_e_3": "OTRO(ESPECIFIQUE)", "nom_v_e_3": "NINGUNO", "numero_ext": null, "letra_ext": "KM 27", "edificio": null, "edificio_e": null, "numero_int": null, "letra_int": null, "tipo_asent": "FRACCIONAMIENTO", "nomb_asent": "YUCAT?N", "tipoCenCom": null, "nom_CenCom": null, "num_local": null, "cod_postal": "97320", "cve_ent": "31", "entidad": "Yucat?n", "cve_mun": "050", "municipio": "M?rida", "cve_loc": "0001", "localidad": "M?rida", "ageb": "1504", "manzana": "024", "telefono": null, "correoelec": "CONTADORMONEDERO@GMAGASUR.COM.MX", "www": null, "tipoUniEco": "Fijo", "latitud": 20.99643997, "longitud": -89.62410362, "fecha_alta": "2019-04", "layer": "Com_men_4", "path": "D:/Trabajos/Contaminantes/DENUE/Comercio_menor/Com_men_4.shp" }, "geometry": { "type": "Point", "coordinates": [ -89.62410362, 20.99643997 ] } },
{ "type": "Feature", "properties": { "id": 6880700, "clee": "31050468411001951001016973S5", "nom_estab": "GASOLINERIA ESTACION DE SERVICIO TEMOZON", "raz_social": "CORPORATIVO REGIONAL GASOLINERO", "codigo_act": "468411", "nombre_act": "Comercio al por menor de gasolina y diesel", "per_ocu": "6 a 10 personas", "tipo_vial": "CALLE", "nom_vial": "NINGUNO", "tipo_v_e_1": "CALLE", "nom_v_e_1": "NINGUNO", "tipo_v_e_2": "OTRO(ESPECIFIQUE)", "nom_v_e_2": "NINGUNO", "tipo_v_e_3": "CALLE", "nom_v_e_3": "3", "numero_ext": "41934", "letra_ext": "TABLAJE CATASTRAL", "edificio": null, "edificio_e": null, "numero_int": null, "letra_int": null, "tipo_asent": "COLONIA", "nomb_asent": "TEMOZON NORTE", "tipoCenCom": null, "nom_CenCom": null, "num_local": null, "cod_postal": "97302", "cve_ent": "31", "entidad": "Yucat?n", "cve_mun": "050", "municipio": "M?rida", "cve_loc": "0001", "localidad": "M?rida", "ageb": "4284", "manzana": "013", "telefono": null, "correoelec": "JEFATURA.CONTABLE@ENERKOM.COM.MX", "www": "WWW.ENERKOM.COM.MX", "tipoUniEco": "Fijo", "latitud": 21.05934847, "longitud": -89.61451724, "fecha_alta": "2019-04", "layer": "Com_men_4", "path": "D:/Trabajos/Contaminantes/DENUE/Comercio_menor/Com_men_4.shp" }, "geometry": { "type": "Point", "coordinates": [ -89.61451724, 21.05934847 ] } },
{ "type": "Feature", "properties": { "id": 6882057, "clee": "31050468411002111002018237S5", "nom_estab": "ESTACIONES DE SERVICIO DEL MAYAB ES7785", "raz_social": "ESTACIONES DE SERVICIO DEL MAYAB", "codigo_act": "468411", "nombre_act": "Comercio al por menor de gasolina y diesel", "per_ocu": "11 a 30 personas", "tipo_vial": "PERIFERICO", "nom_vial": "LICENCIADO MANUEL BERZUNZA", "tipo_v_e_1": "CERRADA", "nom_v_e_1": "NINGUNO", "tipo_v_e_2": "CALLE", "nom_v_e_2": "49", "tipo_v_e_3": "CERRADA", "nom_v_e_3": "NINGUNO", "numero_ext": "19459", "letra_ext": null, "edificio": null, "edificio_e": null, "numero_int": null, "letra_int": null, "tipo_asent": "COLONIA", "nomb_asent": "MELCHOR OCAMPO", "tipoCenCom": null, "nom_CenCom": null, "num_local": null, "cod_postal": "97160", "cve_ent": "31", "entidad": "Yucat?n", "cve_mun": "050", "municipio": "M?rida", "cve_loc": "0001", "localidad": "M?rida", "ageb": "199A", "manzana": "053", "telefono": null, "correoelec": "ESTACION7785@GMAIL.COM", "www": null, "tipoUniEco": "Fijo", "latitud": 20.99049486, "longitud": -89.56218147, "fecha_alta": "2019-04", "layer": "Com_men_4", "path": "D:/Trabajos/Contaminantes/DENUE/Comercio_menor/Com_men_4.shp" }, "geometry": { "type": "Point", "coordinates": [ -89.56218147, 20.99049486 ] } },
{ "type": "Feature", "properties": { "id": 6885520, "clee": "31050468411002131000021366M3", "nom_estab": "COMBUSTIBLES E IMAGEN", "raz_social": "COMBUSTIBLES E IMAGEN", "codigo_act": "468411", "nombre_act": "Comercio al por menor de gasolina y diesel", "per_ocu": "0 a 5 personas", "tipo_vial": "CALLE", "nom_vial": "23A", "tipo_v_e_1": "CALLE", "nom_v_e_1": "23 A", "tipo_v_e_2": "CALLE", "nom_v_e_2": "21", "tipo_v_e_3": "CALLE", "nom_v_e_3": "21", "numero_ext": "77", "letra_ext": null, "edificio": null, "edificio_e": null, "numero_int": null, "letra_int": null, "tipo_asent": "COLONIA", "nomb_asent": "CHUBURN? DE HIDALGO", "tipoCenCom": null, "nom_CenCom": null, "num_local": null, "cod_postal": "97205", "cve_ent": "31", "entidad": "Yucat?n", "cve_mun": "050", "municipio": "M?rida", "cve_loc": "0001", "localidad": "M?rida", "ageb": "2413", "manzana": "023", "telefono": null, "correoelec": "CEITESORERIA@HOTMAIL.COM", "www": null, "tipoUniEco": "Fijo", "latitud": 21.0100839, "longitud": -89.62530198, "fecha_alta": "2019-04", "layer": "Com_men_4", "path": "D:/Trabajos/Contaminantes/DENUE/Comercio_menor/Com_men_4.shp" }, "geometry": { "type": "Point", "coordinates": [ -89.62530198, 21.0100839 ] } },
{ "type": "Feature", "properties": { "id": 7801000, "clee": "31050468414000011000000000U3", "nom_estab": "ESTACION DE CARBURACION", "raz_social": "GAS DEYUCATAN", "codigo_act": "468414", "nombre_act": "Comercio al por menor en estaciones de gas natural vehicular", "per_ocu": "0 a 5 personas", "tipo_vial": "CALLE", "nom_vial": "203", "tipo_v_e_1": "CALLE", "nom_v_e_1": "50 B", "tipo_v_e_2": "CALLE", "nom_v_e_2": "50", "tipo_v_e_3": "CALLE", "nom_v_e_3": "201 A", "numero_ext": null, "letra_ext": "SN", "edificio": null, "edificio_e": null, "numero_int": null, "letra_int": null, "tipo_asent": "COLONIA", "nomb_asent": "PLAN DE AYALA SUR III", "tipoCenCom": null, "nom_CenCom": null, "num_local": null, "cod_postal": "97285", "cve_ent": "31", "entidad": "Yucat?n", "cve_mun": "050", "municipio": "M?rida", "cve_loc": "0001", "localidad": "M?rida", "ageb": "6416", "manzana": "023", "telefono": null, "correoelec": null, "www": null, "tipoUniEco": "Fijo", "latitud": 20.88787993, "longitud": -89.62415543, "fecha_alta": "2026-04", "layer": "Com_men_4", "path": "D:/Trabajos/Contaminantes/DENUE/Comercio_menor/Com_men_4.shp" }, "geometry": { "type": "Point", "coordinates": [ -89.62415543, 20.88787993 ] } },
{ "type": "Feature", "properties": { "id": 7976973, "clee": "31050468411002511000017080M6", "nom_estab": "COMBUSTIBLES PENINSULARES DEL SURESTE", "raz_social": "COMBUSTIBLES PENINSULARES DEL SURESTE", "codigo_act": "468411", "nombre_act": "Comercio al por menor de gasolina y diesel", "per_ocu": "0 a 5 personas", "tipo_vial": "CALLE", "nom_vial": "58", "tipo_v_e_1": "CALLE", "nom_v_e_1": "39", "tipo_v_e_2": "CALLE", "nom_v_e_2": "37", "tipo_v_e_3": "CALLE", "nom_v_e_3": "60", "numero_ext": "395", "letra_ext": null, "edificio": null, "edificio_e": null, "numero_int": null, "letra_int": null, "tipo_asent": "COLONIA", "nomb_asent": "CENTRO", "tipoCenCom": null, "nom_CenCom": null, "num_local": null, "cod_postal": "97000", "cve_ent": "31", "entidad": "Yucat?n", "cve_mun": "050", "municipio": "M?rida", "cve_loc": "0001", "localidad": "M?rida", "ageb": "0328", "manzana": "030", "telefono": null, "correoelec": "YAHA_27@HOTMAIL.COM", "www": null, "tipoUniEco": "Fijo", "latitud": 20.98083891, "longitud": -89.61910907, "fecha_alta": "2019-11", "layer": "Com_men_4", "path": "D:/Trabajos/Contaminantes/DENUE/Comercio_menor/Com_men_4.shp" }, "geometry": { "type": "Point", "coordinates": [ -89.61910907, 20.98083891 ] } },
{ "type": "Feature", "properties": { "id": 8167836, "clee": "31050468411002522001026723S3", "nom_estab": "CARBURANTES DE YUCATAN CAUCEL", "raz_social": "CARBURANTES DE YUCATAN", "codigo_act": "468411", "nombre_act": "Comercio al por menor de gasolina y diesel", "per_ocu": "11 a 30 personas", "tipo_vial": "CALLE", "nom_vial": "50", "tipo_v_e_1": "CALLE", "nom_v_e_1": "75", "tipo_v_e_2": "CALLE", "nom_v_e_2": "59", "tipo_v_e_3": "PERIFERICO", "nom_v_e_3": "LICENCIADO MANUEL BERZUNZA", "numero_ext": "213", "letra_ext": null, "edificio": null, "edificio_e": null, "numero_int": null, "letra_int": null, "tipo_asent": "FRACCIONAMIENTO", "nomb_asent": "CIUDAD CAUCEL", "tipoCenCom": null, "nom_CenCom": null, "num_local": null, "cod_postal": "97314", "cve_ent": "31", "entidad": "Yucat?n", "cve_mun": "050", "municipio": "M?rida", "cve_loc": "0001", "localidad": "M?rida", "ageb": "5865", "manzana": "001", "telefono": null, "correoelec": "1SUPERVISOR.CONTABLE@PETROMAYAB.COM.MX", "www": "WWW.PETROMAYAB.COM", "tipoUniEco": "Fijo", "latitud": 20.99237542, "longitud": -89.67994686, "fecha_alta": "2019-11", "layer": "Com_men_4", "path": "D:/Trabajos/Contaminantes/DENUE/Comercio_menor/Com_men_4.shp" }, "geometry": { "type": "Point", "coordinates": [ -89.67994686, 20.99237542 ] } },
{ "type": "Feature", "properties": { "id": 8192617, "clee": "31050468411002323001021313S6", "nom_estab": "ESTACION TIXCACAL", "raz_social": "SERVICIO JARDINES", "codigo_act": "468411", "nombre_act": "Comercio al por menor de gasolina y diesel", "per_ocu": "0 a 5 personas", "tipo_vial": "AVENIDA", "nom_vial": "26", "tipo_v_e_1": "CALLE", "nom_v_e_1": "81", "tipo_v_e_2": "CALLE", "nom_v_e_2": "79 A", "tipo_v_e_3": "CALLE", "nom_v_e_3": "34", "numero_ext": "15062", "letra_ext": null, "edificio": null, "edificio_e": null, "numero_int": null, "letra_int": null, "tipo_asent": "COLONIA", "nomb_asent": "TIXCACAL OPICHEN", "tipoCenCom": null, "nom_CenCom": null, "num_local": null, "cod_postal": "97249", "cve_ent": "31", "entidad": "Yucat?n", "cve_mun": "050", "municipio": "M?rida", "cve_loc": "0001", "localidad": "M?rida", "ageb": "4890", "manzana": "024", "telefono": null, "correoelec": "CONTADORGENERAL@GMEGASUR.COM.MX", "www": "WWW.MEGASUR.COM.MX", "tipoUniEco": "Fijo", "latitud": 20.94859893, "longitud": -89.68652633000001, "fecha_alta": "2019-11", "layer": "Com_men_4", "path": "D:/Trabajos/Contaminantes/DENUE/Comercio_menor/Com_men_4.shp" }, "geometry": { "type": "Point", "coordinates": [ -89.68652633, 20.94859893 ] } },
{ "type": "Feature", "properties": { "id": 8208268, "clee": "31050468411002273001019710S3", "nom_estab": "SERVICIOS KANASIN ES10633", "raz_social": "SERVICIOS KANASIN", "codigo_act": "468411", "nombre_act": "Comercio al por menor de gasolina y diesel", "per_ocu": "6 a 10 personas", "tipo_vial": "AVENIDA", "nom_vial": "JACINTO CANEK (59 A)", "tipo_v_e_1": "CALLE", "nom_v_e_1": "NINGUNO", "tipo_v_e_2": "CALLE", "nom_v_e_2": "140", "tipo_v_e_3": "CALLE", "nom_v_e_3": "57", "numero_ext": "967", "letra_ext": null, "edificio": null, "edificio_e": null, "numero_int": null, "letra_int": null, "tipo_asent": "COLONIA", "nomb_asent": "EL PORVENIR", "tipoCenCom": null, "nom_CenCom": null, "num_local": null, "cod_postal": "97226", "cve_ent": "31", "entidad": "Yucat?n", "cve_mun": "050", "municipio": "M?rida", "cve_loc": "0001", "localidad": "M?rida", "ageb": "2697", "manzana": "032", "telefono": null, "correoelec": "CONTAORGENERAL@GMEGASUR.COM.MX", "www": "WWW.MEGASUR.COM", "tipoUniEco": "Fijo", "latitud": 20.99509601, "longitud": -89.67228965, "fecha_alta": "2019-11", "layer": "Com_men_4", "path": "D:/Trabajos/Contaminantes/DENUE/Comercio_menor/Com_men_4.shp" }, "geometry": { "type": "Point", "coordinates": [ -89.67228965, 20.99509601 ] } },
{ "type": "Feature", "properties": { "id": 8208280, "clee": "31050468411002293000022466S1", "nom_estab": "CORPORATIVO GASOLINERO DEL CARIBE", "raz_social": "CORPORATIVO GASOLINERO DEL CARIBE", "codigo_act": "468411", "nombre_act": "Comercio al por menor de gasolina y diesel", "per_ocu": "11 a 30 personas", "tipo_vial": "AVENIDA", "nom_vial": "3", "tipo_v_e_1": "CALLE", "nom_v_e_1": "60", "tipo_v_e_2": "CALLE", "nom_v_e_2": "34", "tipo_v_e_3": "CALLE", "nom_v_e_3": "CARABELA", "numero_ext": "0", "letra_ext": null, "edificio": null, "edificio_e": null, "numero_int": null, "letra_int": null, "tipo_asent": "COLONIA", "nomb_asent": "REVOLUCION", "tipoCenCom": "CENTRO Y PLAZA COMERCIAL", "nom_CenCom": "PLAZA VECTOR", "num_local": "SN", "cod_postal": "97204", "cve_ent": "31", "entidad": "Yucat?n", "cve_mun": "050", "municipio": "M?rida", "cve_loc": "0001", "localidad": "M?rida", "ageb": "4566", "manzana": "053", "telefono": null, "correoelec": "SAMUEL.HERRERA@LODEMORED.COM.MX", "www": null, "tipoUniEco": "Fijo", "latitud": 21.0398793, "longitud": -89.63553098, "fecha_alta": "2019-11", "layer": "Com_men_4", "path": "D:/Trabajos/Contaminantes/DENUE/Comercio_menor/Com_men_4.shp" }, "geometry": { "type": "Point", "coordinates": [ -89.63553098, 21.0398793 ] } },
{ "type": "Feature", "properties": { "id": 8208292, "clee": "31050468411002303000021130S8", "nom_estab": "ESTACION 50 SUR", "raz_social": "PETROMERIDA", "codigo_act": "468411", "nombre_act": "Comercio al por menor de gasolina y diesel", "per_ocu": "11 a 30 personas", "tipo_vial": "CALLE", "nom_vial": "50", "tipo_v_e_1": "CALLE", "nom_v_e_1": "145", "tipo_v_e_2": "CALLE", "nom_v_e_2": "143", "tipo_v_e_3": "CALLE", "nom_v_e_3": "48", "numero_ext": "1018", "letra_ext": null, "edificio": null, "edificio_e": null, "numero_int": null, "letra_int": null, "tipo_asent": "COLONIA", "nomb_asent": "CINCO COLONIAS", "tipoCenCom": null, "nom_CenCom": null, "num_local": null, "cod_postal": "97280", "cve_ent": "31", "entidad": "Yucat?n", "cve_mun": "050", "municipio": "M?rida", "cve_loc": "0001", "localidad": "M?rida", "ageb": "5121", "manzana": "019", "telefono": null, "correoelec": "CONTADORGENERAL@GMEGASUR.COM.MX", "www": "WWW.MEGASUR.COM.MX", "tipoUniEco": "Fijo", "latitud": 20.92047488, "longitud": -89.62074355, "fecha_alta": "2019-11", "layer": "Com_men_4", "path": "D:/Trabajos/Contaminantes/DENUE/Comercio_menor/Com_men_4.shp" }, "geometry": { "type": "Point", "coordinates": [ -89.62074355, 20.92047488 ] } },
{ "type": "Feature", "properties": { "id": 8292489, "clee": "31050468411002541000025418M3", "nom_estab": "SERVICIO SAN JOSE KUCHE", "raz_social": "SERVICIO SAN JOSE KUCHE", "codigo_act": "468411", "nombre_act": "Comercio al por menor de gasolina y diesel", "per_ocu": "6 a 10 personas", "tipo_vial": "CALLE", "nom_vial": "21", "tipo_v_e_1": "CALLE", "nom_v_e_1": "NINGUNO", "tipo_v_e_2": "CALLE", "nom_v_e_2": "NINGUNO", "tipo_v_e_3": "CALLE", "nom_v_e_3": "NINGUNO", "numero_ext": "381", "letra_ext": null, "edificio": null, "edificio_e": null, "numero_int": null, "letra_int": null, "tipo_asent": "PUEBLO", "nomb_asent": "CHABLEKAL", "tipoCenCom": null, "nom_CenCom": null, "num_local": null, "cod_postal": "97345", "cve_ent": "31", "entidad": "Yucat?n", "cve_mun": "050", "municipio": "M?rida", "cve_loc": "0077", "localidad": "Chablekal", "ageb": "4956", "manzana": "006", "telefono": "9992979960", "correoelec": "SANJOSEKUCHEGERENCIA@GMAIL.COM", "www": null, "tipoUniEco": "Fijo", "latitud": 21.09189196, "longitud": -89.56399196, "fecha_alta": "2019-11", "layer": "Com_men_4", "path": "D:/Trabajos/Contaminantes/DENUE/Comercio_menor/Com_men_4.shp" }, "geometry": { "type": "Point", "coordinates": [ -89.56399196, 21.09189196 ] } },
{ "type": "Feature", "properties": { "id": 8305096, "clee": "31050468411002553000016973M8", "nom_estab": "GASOLINERA LA GAS", "raz_social": "CORPORATIVO REGIONAL GASOLINERO", "codigo_act": "468411", "nombre_act": "Comercio al por menor de gasolina y diesel", "per_ocu": "11 a 30 personas", "tipo_vial": "CALLE", "nom_vial": "124", "tipo_v_e_1": "CALLE", "nom_v_e_1": "49", "tipo_v_e_2": "CALLE", "nom_v_e_2": "47", "tipo_v_e_3": "AVENIDA", "nom_v_e_3": "M?RIDA 2000 (128 PONIENTE)", "numero_ext": null, "letra_ext": "SN", "edificio": null, "edificio_e": null, "numero_int": null, "letra_int": "SN", "tipo_asent": "COLONIA", "nomb_asent": "XOCL?N SANTOS", "tipoCenCom": null, "nom_CenCom": null, "num_local": null, "cod_postal": "97245", "cve_ent": "31", "entidad": "Yucat?n", "cve_mun": "050", "municipio": "M?rida", "cve_loc": "0001", "localidad": "M?rida", "ageb": "2678", "manzana": "032", "telefono": null, "correoelec": "JEFATURA.CONTABLE@ENERKOM.COM.MX", "www": "WWW.ENERKOM.COM.MX", "tipoUniEco": "Fijo", "latitud": 20.97098833, "longitud": -89.66371614000001, "fecha_alta": "2019-11", "layer": "Com_men_4", "path": "D:/Trabajos/Contaminantes/DENUE/Comercio_menor/Com_men_4.shp" }, "geometry": { "type": "Point", "coordinates": [ -89.66371614, 20.97098833 ] } },
{ "type": "Feature", "properties": { "id": 8332150, "clee": "31050468411002563001025418S7", "nom_estab": "SERVICIO SAN JOSE KUCHE", "raz_social": "SERVICIO SAN JOSE KUCHE", "codigo_act": "468411", "nombre_act": "Comercio al por menor de gasolina y diesel", "per_ocu": "11 a 30 personas", "tipo_vial": "CALLE", "nom_vial": "21", "tipo_v_e_1": "CALLE", "nom_v_e_1": "NINGUNO", "tipo_v_e_2": "CALLE", "nom_v_e_2": "NINGUNO", "tipo_v_e_3": "CALLE", "nom_v_e_3": "NINGUNO", "numero_ext": "119", "letra_ext": null, "edificio": null, "edificio_e": null, "numero_int": "1", "letra_int": null, "tipo_asent": "PUEBLO", "nomb_asent": "CHABLEKAL", "tipoCenCom": null, "nom_CenCom": null, "num_local": null, "cod_postal": "97302", "cve_ent": "31", "entidad": "Yucat?n", "cve_mun": "050", "municipio": "M?rida", "cve_loc": "0077", "localidad": "Chablekal", "ageb": "4956", "manzana": "015", "telefono": "9994293878", "correoelec": "RHDINSU@GMAIL.COM", "www": null, "tipoUniEco": "Fijo", "latitud": 21.09041363, "longitud": -89.56071208, "fecha_alta": "2019-11", "layer": "Com_men_4", "path": "D:/Trabajos/Contaminantes/DENUE/Comercio_menor/Com_men_4.shp" }, "geometry": { "type": "Point", "coordinates": [ -89.56071208, 21.09041363 ] } },
{ "type": "Feature", "properties": { "id": 8359068, "clee": "31050468411002263001026723S4", "nom_estab": "CARBURANTES DE YUCATAN PERINORTE", "raz_social": "CARBURANTES DE YUCATAN", "codigo_act": "468411", "nombre_act": "Comercio al por menor de gasolina y diesel", "per_ocu": "6 a 10 personas", "tipo_vial": "PERIFERICO", "nom_vial": "LICENCIADO MANUEL BERZUNZA", "tipo_v_e_1": "AVENIDA", "nom_v_e_1": "YUCAT?N (17)", "tipo_v_e_2": "CALLE", "nom_v_e_2": "7", "tipo_v_e_3": "PRIVADA", "nom_v_e_3": "NINGUNO", "numero_ext": "13584", "letra_ext": "TABLAJE CATASTRAL", "edificio": null, "edificio_e": null, "numero_int": null, "letra_int": null, "tipo_asent": "LOCALIDAD", "nomb_asent": "CHOLUL", "tipoCenCom": null, "nom_CenCom": null, "num_local": null, "cod_postal": "97305", "cve_ent": "31", "entidad": "Yucat?n", "cve_mun": "050", "municipio": "M?rida", "cve_loc": "0001", "localidad": "M?rida", "ageb": "4975", "manzana": "013", "telefono": null, "correoelec": "1SUPERVISOR.CONTABLE@PETROMAYAB.COM.MX", "www": "WWW.PETROMAYAB.COM", "tipoUniEco": "Fijo", "latitud": 21.0254515, "longitud": -89.56971031, "fecha_alta": "2019-11", "layer": "Com_men_4", "path": "D:/Trabajos/Contaminantes/DENUE/Comercio_menor/Com_men_4.shp" }, "geometry": { "type": "Point", "coordinates": [ -89.56971031, 21.0254515 ] } },
{ "type": "Feature", "properties": { "id": 8401625, "clee": "31050468411002333001021130M5", "nom_estab": "ESTACION MELCHOR OCAMPO", "raz_social": "PETROMERIDA", "codigo_act": "468411", "nombre_act": "Comercio al por menor de gasolina y diesel", "per_ocu": "6 a 10 personas", "tipo_vial": "PERIFERICO", "nom_vial": "LICENCIADO MANUEL BERZUNZA", "tipo_v_e_1": "CALLE", "nom_v_e_1": "37", "tipo_v_e_2": "CALLE", "nom_v_e_2": "35", "tipo_v_e_3": "CALLE", "nom_v_e_3": "14", "numero_ext": "315", "letra_ext": null, "edificio": null, "edificio_e": null, "numero_int": null, "letra_int": null, "tipo_asent": "COLONIA", "nomb_asent": "MELCHOR OCAMPO", "tipoCenCom": null, "nom_CenCom": null, "num_local": null, "cod_postal": "97165", "cve_ent": "31", "entidad": "Yucat?n", "cve_mun": "050", "municipio": "M?rida", "cve_loc": "0001", "localidad": "M?rida", "ageb": "2964", "manzana": "020", "telefono": null, "correoelec": "CONTADORGENERAL@GMEGASUR.COM.MX", "www": "WWW.MEGASUR.COM.MX", "tipoUniEco": "Fijo", "latitud": 20.97569994, "longitud": -89.56506213, "fecha_alta": "2019-11", "layer": "Com_men_4", "path": "D:/Trabajos/Contaminantes/DENUE/Comercio_menor/Com_men_4.shp" }, "geometry": { "type": "Point", "coordinates": [ -89.56506213, 20.97569994 ] } },
{ "type": "Feature", "properties": { "id": 8401626, "clee": "31050468411002342000021130S6", "nom_estab": "ESTACION AZCORRA", "raz_social": "PETROMERIDA", "codigo_act": "468411", "nombre_act": "Comercio al por menor de gasolina y diesel", "per_ocu": "6 a 10 personas", "tipo_vial": "CALLE", "nom_vial": "28", "tipo_v_e_1": "CALLE", "nom_v_e_1": "26", "tipo_v_e_2": "OTRO(ESPECIFIQUE)", "nom_v_e_2": "NINGUNO", "tipo_v_e_3": "CALLE", "nom_v_e_3": "69 A", "numero_ext": "539", "letra_ext": "D", "edificio": null, "edificio_e": null, "numero_int": null, "letra_int": null, "tipo_asent": "COLONIA", "nomb_asent": "AZCORRA", "tipoCenCom": null, "nom_CenCom": null, "num_local": null, "cod_postal": "97177", "cve_ent": "31", "entidad": "Yucat?n", "cve_mun": "050", "municipio": "M?rida", "cve_loc": "0001", "localidad": "M?rida", "ageb": "0652", "manzana": "012", "telefono": null, "correoelec": "CONTADORGENERAL@GMEGASUR.COM.MX", "www": "WWW.MEGASUR.COM.MX", "tipoUniEco": "Fijo", "latitud": 20.95335074, "longitud": -89.60181398, "fecha_alta": "2019-11", "layer": "Com_men_4", "path": "D:/Trabajos/Contaminantes/DENUE/Comercio_menor/Com_men_4.shp" }, "geometry": { "type": "Point", "coordinates": [ -89.60181398, 20.95335074 ] } },
{ "type": "Feature", "properties": { "id": 8611749, "clee": "31050468411002473000026723S9", "nom_estab": "CARBURANTES DE YUCATAN CIRCUITO PONIENTE", "raz_social": "CARBURANTES DE YUCATAN", "codigo_act": "468411", "nombre_act": "Comercio al por menor de gasolina y diesel", "per_ocu": "11 a 30 personas", "tipo_vial": "CIRCUITO", "nom_vial": "FUERZA AEREA(CALLE 111)", "tipo_v_e_1": "CALLE", "nom_v_e_1": "107", "tipo_v_e_2": "CALLE", "nom_v_e_2": "109 B", "tipo_v_e_3": "CALLE", "nom_v_e_3": "66 D", "numero_ext": "771", "letra_ext": "A", "edificio": null, "edificio_e": null, "numero_int": null, "letra_int": null, "tipo_asent": "COLONIA", "nomb_asent": "OBRERA", "tipoCenCom": null, "nom_CenCom": null, "num_local": null, "cod_postal": "97260", "cve_ent": "31", "entidad": "Yucat?n", "cve_mun": "050", "municipio": "M?rida", "cve_loc": "0001", "localidad": "M?rida", "ageb": "3271", "manzana": "003", "telefono": null, "correoelec": "1SUPERVISOR.CONTABLE@PETROMAYAB.COM.MX", "www": "WWW.PETROMAYAB.COM", "tipoUniEco": "Fijo", "latitud": 20.94284594, "longitud": -89.64842824, "fecha_alta": "2019-11", "layer": "Com_men_4", "path": "D:/Trabajos/Contaminantes/DENUE/Comercio_menor/Com_men_4.shp" }, "geometry": { "type": "Point", "coordinates": [ -89.64842824, 20.94284594 ] } },
{ "type": "Feature", "properties": { "id": 8611750, "clee": "31050468411002483000026723S8", "nom_estab": "CARBURANTES DE YUCATAN PERISUR", "raz_social": "CARBURANTES DE YUCATAN", "codigo_act": "468411", "nombre_act": "Comercio al por menor de gasolina y diesel", "per_ocu": "11 a 30 personas", "tipo_vial": "CALLE", "nom_vial": "28", "tipo_v_e_1": "CALLE", "nom_v_e_1": "71", "tipo_v_e_2": "CALLE", "nom_v_e_2": "73", "tipo_v_e_3": "CALLE", "nom_v_e_3": "30", "numero_ext": "347", "letra_ext": null, "edificio": null, "edificio_e": null, "numero_int": null, "letra_int": null, "tipo_asent": "COLONIA", "nomb_asent": "EL ROBLE", "tipoCenCom": null, "nom_CenCom": null, "num_local": null, "cod_postal": "97295", "cve_ent": "31", "entidad": "Yucat?n", "cve_mun": "050", "municipio": "M?rida", "cve_loc": "0001", "localidad": "M?rida", "ageb": "6134", "manzana": "035", "telefono": null, "correoelec": "1SUPERVISOR.CONTABLE@PETROMAYAB.COM.MX", "www": "WWW.PETROMAYAB.COM", "tipoUniEco": "Fijo", "latitud": 20.90685967, "longitud": -89.67758245, "fecha_alta": "2019-11", "layer": "Com_men_4", "path": "D:/Trabajos/Contaminantes/DENUE/Comercio_menor/Com_men_4.shp" }, "geometry": { "type": "Point", "coordinates": [ -89.67758245, 20.90685967 ] } },
{ "type": "Feature", "properties": { "id": 8639544, "clee": "31050468411002492001024345S9", "nom_estab": "COLONIA ANIKABIL", "raz_social": "SERVICIOS SAN NICOLAS", "codigo_act": "468411", "nombre_act": "Comercio al por menor de gasolina y diesel", "per_ocu": "0 a 5 personas", "tipo_vial": "CALLE", "nom_vial": "59", "tipo_v_e_1": "AVENIDA", "nom_v_e_1": "SAN PEDRO", "tipo_v_e_2": "PERIFERICO", "nom_v_e_2": "LICENCIADO MANUEL BERZUNZA", "tipo_v_e_3": "AVENIDA", "nom_v_e_3": "59 A", "numero_ext": null, "letra_ext": "SN", "edificio": null, "edificio_e": null, "numero_int": null, "letra_int": null, "tipo_asent": "FRACCIONAMIENTO", "nomb_asent": "CIUDAD CAUCEL", "tipoCenCom": null, "nom_CenCom": null, "num_local": null, "cod_postal": "97314", "cve_ent": "31", "entidad": "Yucat?n", "cve_mun": "050", "municipio": "M?rida", "cve_loc": "0001", "localidad": "M?rida", "ageb": "5761", "manzana": "002", "telefono": null, "correoelec": "CONTADORGENERAL@GMEGASUR.COM.MX", "www": null, "tipoUniEco": "Fijo", "latitud": 20.99363546, "longitud": -89.68262897, "fecha_alta": "2019-11", "layer": "Com_men_4", "path": "D:/Trabajos/Contaminantes/DENUE/Comercio_menor/Com_men_4.shp" }, "geometry": { "type": "Point", "coordinates": [ -89.68262897, 20.99363546 ] } },
{ "type": "Feature", "properties": { "id": 8656249, "clee": "31050468411002403001023982S6", "nom_estab": "ESTACI?N DE SERVICIOS ABIMERHI PROGRESO", "raz_social": null, "codigo_act": "468411", "nombre_act": "Comercio al por menor de gasolina y diesel", "per_ocu": "31 a 50 personas", "tipo_vial": "CALLE", "nom_vial": "NINGUNO", "tipo_v_e_1": "CALLE", "nom_v_e_1": "NINGUNO", "tipo_v_e_2": "CALLE", "nom_v_e_2": "NINGUNO", "tipo_v_e_3": "CALLE", "nom_v_e_3": "NINGUNO", "numero_ext": "34469", "letra_ext": "TABLAJE CATASTRAL", "edificio": null, "edificio_e": null, "numero_int": null, "letra_int": null, "tipo_asent": "HACIENDA", "nomb_asent": "XCANATUN", "tipoCenCom": null, "nom_CenCom": null, "num_local": null, "cod_postal": "97302", "cve_ent": "31", "entidad": "Yucat?n", "cve_mun": "050", "municipio": "M?rida", "cve_loc": "0135", "localidad": "Xcanat?n", "ageb": "2023", "manzana": "027", "telefono": null, "correoelec": "CONTABILIDAD.ESTACIONES@ABIMERHI.COM", "www": "WWW.ABIMERHI.COM", "tipoUniEco": "Fijo", "latitud": 21.08199638, "longitud": -89.63550711000001, "fecha_alta": "2019-11", "layer": "Com_men_4", "path": "D:/Trabajos/Contaminantes/DENUE/Comercio_menor/Com_men_4.shp" }, "geometry": { "type": "Point", "coordinates": [ -89.63550711, 21.08199638 ] } },
{ "type": "Feature", "properties": { "id": 8683340, "clee": "31050468411002383000022466S0", "nom_estab": "CORPORATIVO GASOLINERO DEL CARIBE CAUCEL", "raz_social": "CORPORATIVO GASOLINERO DEL CARIBE", "codigo_act": "468411", "nombre_act": "Comercio al por menor de gasolina y diesel", "per_ocu": "11 a 30 personas", "tipo_vial": "AVENIDA", "nom_vial": "59 A", "tipo_v_e_1": "PERIFERICO", "nom_v_e_1": "LICENCIADO MANUEL BERZUNZA", "tipo_v_e_2": "CERRADA", "nom_v_e_2": "NINGUNO", "tipo_v_e_3": "CALLE", "nom_v_e_3": "NINGUNO", "numero_ext": "10075", "letra_ext": "TABLAJE CATASTRAL", "edificio": null, "edificio_e": null, "numero_int": null, "letra_int": null, "tipo_asent": "FRACCIONAMIENTO", "nomb_asent": "CAUCEL", "tipoCenCom": null, "nom_CenCom": null, "num_local": null, "cod_postal": "97314", "cve_ent": "31", "entidad": "Yucat?n", "cve_mun": "050", "municipio": "M?rida", "cve_loc": "0001", "localidad": "M?rida", "ageb": "4937", "manzana": "001", "telefono": null, "correoelec": "SAMUEL.HERRERA@LODEMORED.COM.MX", "www": "WWW.LODEMORED.COM.MX", "tipoUniEco": "Fijo", "latitud": 20.99734583, "longitud": -89.67595905, "fecha_alta": "2019-11", "layer": "Com_men_4", "path": "D:/Trabajos/Contaminantes/DENUE/Comercio_menor/Com_men_4.shp" }, "geometry": { "type": "Point", "coordinates": [ -89.67595905, 20.99734583 ] } },
{ "type": "Feature", "properties": { "id": 8700086, "clee": "31050468411002602000024058S3", "nom_estab": "COMBUSTIBLES CHUBURNA", "raz_social": "COMBUSTIBLES CHUBURNA", "codigo_act": "468411", "nombre_act": "Comercio al por menor de gasolina y diesel", "per_ocu": "6 a 10 personas", "tipo_vial": "CALLE", "nom_vial": "69", "tipo_v_e_1": "CALLE", "nom_v_e_1": "36", "tipo_v_e_2": "CALLE", "nom_v_e_2": "34", "tipo_v_e_3": "CALLE", "nom_v_e_3": "29 A", "numero_ext": "157", "letra_ext": null, "edificio": null, "edificio_e": null, "numero_int": null, "letra_int": null, "tipo_asent": "COLONIA", "nomb_asent": "SAN ANTONIO KAUA II", "tipoCenCom": null, "nom_CenCom": null, "num_local": null, "cod_postal": "97195", "cve_ent": "31", "entidad": "Yucat?n", "cve_mun": "050", "municipio": "M?rida", "cve_loc": "0001", "localidad": "M?rida", "ageb": "4250", "manzana": "031", "telefono": null, "correoelec": "JOSE.FRANCO@GRUPOABOL.COM", "www": "WWW.GRUPOABOL.COM", "tipoUniEco": "Fijo", "latitud": 20.944581, "longitud": -89.5813211, "fecha_alta": "2019-11", "layer": "Com_men_4", "path": "D:/Trabajos/Contaminantes/DENUE/Comercio_menor/Com_men_4.shp" }, "geometry": { "type": "Point", "coordinates": [ -89.5813211, 20.944581 ] } },
{ "type": "Feature", "properties": { "id": 8700098, "clee": "31050468411002613000017072S0", "nom_estab": "FOMENTO GASOLINERO WALKER", "raz_social": "FOMENTO GASOLINERO", "codigo_act": "468411", "nombre_act": "Comercio al por menor de gasolina y diesel", "per_ocu": "11 a 30 personas", "tipo_vial": "PERIFERICO", "nom_vial": "LICENCIADO MANUEL BERZUNZA", "tipo_v_e_1": "CALLE", "nom_v_e_1": "NINGUNO", "tipo_v_e_2": "OTRO(ESPECIFIQUE)", "nom_v_e_2": "NINGUNO", "tipo_v_e_3": "OTRO(ESPECIFIQUE)", "nom_v_e_3": "NINGUNO", "numero_ext": "19016", "letra_ext": null, "edificio": null, "edificio_e": null, "numero_int": null, "letra_int": null, "tipo_asent": "COLONIA", "nomb_asent": "AMPLIACION CIUDAD INDUSTRIAL", "tipoCenCom": null, "nom_CenCom": null, "num_local": null, "cod_postal": "97288", "cve_ent": "31", "entidad": "Yucat?n", "cve_mun": "050", "municipio": "M?rida", "cve_loc": "0001", "localidad": "M?rida", "ageb": "085A", "manzana": "004", "telefono": null, "correoelec": "SAMUEL.HERRERA@LODEMORED.COM.MX", "www": "WWW.LODEMORED.COM.MX", "tipoUniEco": "Fijo", "latitud": 20.93971362, "longitud": -89.69745689, "fecha_alta": "2019-11", "layer": "Com_men_4", "path": "D:/Trabajos/Contaminantes/DENUE/Comercio_menor/Com_men_4.shp" }, "geometry": { "type": "Point", "coordinates": [ -89.69745689, 20.93971362 ] } },
{ "type": "Feature", "properties": { "id": 8700122, "clee": "31050468411002443000019710S2", "nom_estab": "ESTACION PORVENIR", "raz_social": "SERVICIOS KANASIN", "codigo_act": "468411", "nombre_act": "Comercio al por menor de gasolina y diesel", "per_ocu": "11 a 30 personas", "tipo_vial": "CALLE", "nom_vial": "62", "tipo_v_e_1": "CALLE", "nom_v_e_1": "37", "tipo_v_e_2": "CALLE", "nom_v_e_2": "39 A", "tipo_v_e_3": "CALLE", "nom_v_e_3": "64", "numero_ext": null, "letra_ext": "SN", "edificio": null, "edificio_e": null, "numero_int": null, "letra_int": null, "tipo_asent": "CIUDAD", "nomb_asent": "CIUDAD CAUCEL", "tipoCenCom": null, "nom_CenCom": null, "num_local": null, "cod_postal": "97300", "cve_ent": "31", "entidad": "Yucat?n", "cve_mun": "050", "municipio": "M?rida", "cve_loc": "0001", "localidad": "M?rida", "ageb": "5757", "manzana": "011", "telefono": null, "correoelec": "CONTADORGENERAL@GMEGASUR.COM.MX", "www": "WWW.MEGASUR.COM", "tipoUniEco": "Fijo", "latitud": 20.99980534, "longitud": -89.68905036, "fecha_alta": "2019-11", "layer": "Com_men_4", "path": "D:/Trabajos/Contaminantes/DENUE/Comercio_menor/Com_men_4.shp" }, "geometry": { "type": "Point", "coordinates": [ -89.68905036, 20.99980534 ] } },
{ "type": "Feature", "properties": { "id": 8700131, "clee": "31050468411002453001023986M1", "nom_estab": "ESTACI?N DE SERVICIOS LAS PALMAS", "raz_social": "ESTACION DE SERVICIOS LAS PALMAS", "codigo_act": "468411", "nombre_act": "Comercio al por menor de gasolina y diesel", "per_ocu": "6 a 10 personas", "tipo_vial": "CARRETERA", "nom_vial": "ESTACION LAS PALMAS", "tipo_v_e_1": "OTRO(ESPECIFIQUE)", "nom_v_e_1": "NINGUNO", "tipo_v_e_2": "CALLE", "nom_v_e_2": "NINGUNO", "tipo_v_e_3": "OTRO(ESPECIFIQUE)", "nom_v_e_3": "NINGUNO", "numero_ext": null, "letra_ext": "SN", "edificio": null, "edificio_e": null, "numero_int": null, "letra_int": null, "tipo_asent": "FRACCIONAMIENTO", "nomb_asent": "DZIBILCHATUN", "tipoCenCom": null, "nom_CenCom": null, "num_local": null, "cod_postal": "97200", "cve_ent": "31", "entidad": "Yucat?n", "cve_mun": "050", "municipio": "M?rida", "cve_loc": "1088", "localidad": "Chac?", "ageb": "2038", "manzana": "800", "telefono": null, "correoelec": "SAMUEL.HERRERA@LODEMORED.COM.MX", "www": "WWW.LODEMORED.COM.MX", "tipoUniEco": "Fijo", "latitud": 21.10389641, "longitud": -89.62537435, "fecha_alta": "2019-11", "layer": "Com_men_4", "path": "D:/Trabajos/Contaminantes/DENUE/Comercio_menor/Com_men_4.shp" }, "geometry": { "type": "Point", "coordinates": [ -89.62537435, 21.10389641 ] } },
{ "type": "Feature", "properties": { "id": 8700167, "clee": "31050468411002462000023930S2", "nom_estab": "PROMOTORA DE GASOLINERIAS ESTACION 7902", "raz_social": "PROMOTORA DE GASOLINERIAS", "codigo_act": "468411", "nombre_act": "Comercio al por menor de gasolina y diesel", "per_ocu": "6 a 10 personas", "tipo_vial": "CALLE", "nom_vial": "51", "tipo_v_e_1": "CALLE", "nom_v_e_1": "44", "tipo_v_e_2": "CALLE", "nom_v_e_2": "42", "tipo_v_e_3": "CALLE", "nom_v_e_3": "53", "numero_ext": "301", "letra_ext": null, "edificio": null, "edificio_e": null, "numero_int": null, "letra_int": null, "tipo_asent": "FRACCIONAMIENTO", "nomb_asent": "FRANCISCO DE MONTEJO", "tipoCenCom": null, "nom_CenCom": null, "num_local": null, "cod_postal": "97203", "cve_ent": "31", "entidad": "Yucat?n", "cve_mun": "050", "municipio": "M?rida", "cve_loc": "0001", "localidad": "M?rida", "ageb": "3360", "manzana": "036", "telefono": null, "correoelec": "PROMOGASO@PRODIGY.NET.MX", "www": null, "tipoUniEco": "Fijo", "latitud": 21.03016512, "longitud": -89.64229509, "fecha_alta": "2019-11", "layer": "Com_men_4", "path": "D:/Trabajos/Contaminantes/DENUE/Comercio_menor/Com_men_4.shp" }, "geometry": { "type": "Point", "coordinates": [ -89.64229509, 21.03016512 ] } },
{ "type": "Feature", "properties": { "id": 8723803, "clee": "31050468411002363001039536M2", "nom_estab": "COMBUSTIBLES DEL CARIBE", "raz_social": "COMBUSTIBLES DEL CARIBE", "codigo_act": "468411", "nombre_act": "Comercio al por menor de gasolina y diesel", "per_ocu": "51 a 100 personas", "tipo_vial": "PERIFERICO", "nom_vial": "LICENCIADO MANUEL BERZUNZA", "tipo_v_e_1": "AVENIDA", "nom_v_e_1": "51", "tipo_v_e_2": "PERIFERICO", "nom_v_e_2": "SAN ANTONIO HOOL", "tipo_v_e_3": "CALLE", "nom_v_e_3": "NINGUNO", "numero_ext": "16929", "letra_ext": "TAB CAT", "edificio": null, "edificio_e": null, "numero_int": null, "letra_int": null, "tipo_asent": "FRACCIONAMIENTO", "nomb_asent": "FRANCISCO DE MONTEJO", "tipoCenCom": null, "nom_CenCom": null, "num_local": null, "cod_postal": "97203", "cve_ent": "31", "entidad": "Yucat?n", "cve_mun": "050", "municipio": "M?rida", "cve_loc": "0001", "localidad": "M?rida", "ageb": "5526", "manzana": "020", "telefono": null, "correoelec": "MIGUEL.CASTRO@LODEMORED.COM.MX", "www": null, "tipoUniEco": "Fijo", "latitud": 21.03362091, "longitud": -89.65565138, "fecha_alta": "2019-11", "layer": "Com_men_4", "path": "D:/Trabajos/Contaminantes/DENUE/Comercio_menor/Com_men_4.shp" }, "geometry": { "type": "Point", "coordinates": [ -89.65565138, 21.03362091 ] } },
{ "type": "Feature", "properties": { "id": 8723913, "clee": "31101468411000113000021067S4", "nom_estab": "SERVICIO EL ROBLE UMAN 1", "raz_social": "SERVICIO EL ROBLE", "codigo_act": "468411", "nombre_act": "Comercio al por menor de gasolina y diesel", "per_ocu": "11 a 30 personas", "tipo_vial": "PERIFERICO", "nom_vial": "LICENCIADO MANUEL BERZUNZA", "tipo_v_e_1": "CALLE", "nom_v_e_1": "55", "tipo_v_e_2": "CALLE", "nom_v_e_2": "57", "tipo_v_e_3": "CALLE", "nom_v_e_3": "32", "numero_ext": null, "letra_ext": "SN", "edificio": null, "edificio_e": null, "numero_int": null, "letra_int": null, "tipo_asent": "COLONIA", "nomb_asent": "EL ROBLE AGRICOLA IV", "tipoCenCom": null, "nom_CenCom": null, "num_local": null, "cod_postal": "97392", "cve_ent": "31", "entidad": "Yucat?n", "cve_mun": "050", "municipio": "M?rida", "cve_loc": "0001", "localidad": "M?rida", "ageb": "0474", "manzana": "006", "telefono": null, "correoelec": "UMAN1@LABSERGAS.NET", "www": null, "tipoUniEco": "Fijo", "latitud": 20.91481085, "longitud": -89.68311971, "fecha_alta": "2019-11", "layer": "Com_men_4", "path": "D:/Trabajos/Contaminantes/DENUE/Comercio_menor/Com_men_4.shp" }, "geometry": { "type": "Point", "coordinates": [ -89.68311971, 20.91481085 ] } },
{ "type": "Feature", "properties": { "id": 8764781, "clee": "31050468411002582101000000U7", "nom_estab": "SERVICIO PRADO NORTE", "raz_social": null, "codigo_act": "468411", "nombre_act": "Comercio al por menor de gasolina y diesel", "per_ocu": "11 a 30 personas", "tipo_vial": "CALLE", "nom_vial": "17", "tipo_v_e_1": "CALLE", "nom_v_e_1": "18", "tipo_v_e_2": "CALLE", "nom_v_e_2": "16", "tipo_v_e_3": "CALLE", "nom_v_e_3": "15", "numero_ext": "185", "letra_ext": null, "edificio": null, "edificio_e": null, "numero_int": null, "letra_int": null, "tipo_asent": "COLONIA", "nomb_asent": "MEXICO ORIENTE", "tipoCenCom": null, "nom_CenCom": null, "num_local": null, "cod_postal": "97137", "cve_ent": "31", "entidad": "Yucat?n", "cve_mun": "050", "municipio": "M?rida", "cve_loc": "0001", "localidad": "M?rida", "ageb": "0120", "manzana": "008", "telefono": null, "correoelec": "FCOMENDICUTITOVAR@HOTMAIL.COM", "www": null, "tipoUniEco": "Fijo", "latitud": 21.00251623, "longitud": -89.60112887, "fecha_alta": "2019-11", "layer": "Com_men_4", "path": "D:/Trabajos/Contaminantes/DENUE/Comercio_menor/Com_men_4.shp" }, "geometry": { "type": "Point", "coordinates": [ -89.60112887, 21.00251623 ] } },
{ "type": "Feature", "properties": { "id": 8835854, "clee": "31050468411002371001000000U5", "nom_estab": "SERVICIO 3", "raz_social": "SERVICIO 3", "codigo_act": "468411", "nombre_act": "Comercio al por menor de gasolina y diesel", "per_ocu": "11 a 30 personas", "tipo_vial": "CALLE", "nom_vial": "CALLE", "tipo_v_e_1": "CALLE", "nom_v_e_1": "51", "tipo_v_e_2": "PERIFERICO", "nom_v_e_2": "LICENCIADO MANUEL BERZUNZA", "tipo_v_e_3": "OTRO(ESPECIFIQUE)", "nom_v_e_3": "?REA VERDE", "numero_ext": "586", "letra_ext": null, "edificio": null, "edificio_e": null, "numero_int": null, "letra_int": null, "tipo_asent": "COLONIA", "nomb_asent": "FRANCISCO DE MONTEJO II", "tipoCenCom": null, "nom_CenCom": null, "num_local": null, "cod_postal": "97203", "cve_ent": "31", "entidad": "Yucat?n", "cve_mun": "050", "municipio": "M?rida", "cve_loc": "0001", "localidad": "M?rida", "ageb": "3905", "manzana": "038", "telefono": null, "correoelec": "CONATADORGENERAL@GMEGASUR.COM.MX", "www": null, "tipoUniEco": "Fijo", "latitud": 21.04148454, "longitud": -89.65170922, "fecha_alta": "2019-11", "layer": "Com_men_4", "path": "D:/Trabajos/Contaminantes/DENUE/Comercio_menor/Com_men_4.shp" }, "geometry": { "type": "Point", "coordinates": [ -89.651709220000015, 21.041484539999988 ] } },
{ "type": "Feature", "properties": { "id": 8853711, "clee": "31050468411002413000022466S5", "nom_estab": "CORPORATIVO GASOLINERO DEL CARIBE DZITYA", "raz_social": "CORPORATIVO GASOLINERO DEL CARIBE", "codigo_act": "468411", "nombre_act": "Comercio al por menor de gasolina y diesel", "per_ocu": "11 a 30 personas", "tipo_vial": "CALLE", "nom_vial": "69", "tipo_v_e_1": "CALLE", "nom_v_e_1": "70 D", "tipo_v_e_2": "AVENIDA", "nom_v_e_2": "INDUSTRIAS NO CONTAMINANTES", "tipo_v_e_3": "CALLE", "nom_v_e_3": "71", "numero_ext": "570", "letra_ext": null, "edificio": null, "edificio_e": null, "numero_int": null, "letra_int": null, "tipo_asent": "COLONIA", "nomb_asent": "DZITYA POLIGONO CHUBURNA", "tipoCenCom": null, "nom_CenCom": null, "num_local": null, "cod_postal": "97302", "cve_ent": "31", "entidad": "Yucat?n", "cve_mun": "050", "municipio": "M?rida", "cve_loc": "0001", "localidad": "M?rida", "ageb": "4477", "manzana": "021", "telefono": null, "correoelec": "SAMUEL.HERRERA@LODEMORED.COM.MX", "www": null, "tipoUniEco": "Fijo", "latitud": 21.05802224, "longitud": -89.64256857, "fecha_alta": "2019-11", "layer": "Com_men_4", "path": "D:/Trabajos/Contaminantes/DENUE/Comercio_menor/Com_men_4.shp" }, "geometry": { "type": "Point", "coordinates": [ -89.64256857, 21.05802224 ] } },
{ "type": "Feature", "properties": { "id": 8853712, "clee": "31050468411002423000022466S4", "nom_estab": "CORPORATIVO GASOLINERO DEL CARIBE", "raz_social": "CORPORATIVO GASOLINERO DEL CARIBE", "codigo_act": "468411", "nombre_act": "Comercio al por menor de gasolina y diesel", "per_ocu": "11 a 30 personas", "tipo_vial": "AVENIDA", "nom_vial": "JUAN PABLO II (65 A)", "tipo_v_e_1": "CALLE", "nom_v_e_1": "22", "tipo_v_e_2": "CALLE", "nom_v_e_2": "18", "tipo_v_e_3": "CALLE", "nom_v_e_3": "63", "numero_ext": "302", "letra_ext": null, "edificio": null, "edificio_e": null, "numero_int": null, "letra_int": null, "tipo_asent": "FRACCIONAMIENTO", "nomb_asent": "JUAN PABLO II", "tipoCenCom": null, "nom_CenCom": null, "num_local": null, "cod_postal": "97246", "cve_ent": "31", "entidad": "Yucat?n", "cve_mun": "050", "municipio": "M?rida", "cve_loc": "0001", "localidad": "M?rida", "ageb": "377A", "manzana": "042", "telefono": null, "correoelec": "SAMUEL.HERRERA@LODEMORED.COM.MX", "www": "WWW.LODEMO.RED", "tipoUniEco": "Fijo", "latitud": 20.95937646, "longitud": -89.67603934, "fecha_alta": "2019-11", "layer": "Com_men_4", "path": "D:/Trabajos/Contaminantes/DENUE/Comercio_menor/Com_men_4.shp" }, "geometry": { "type": "Point", "coordinates": [ -89.67603934, 20.95937646 ] } },
{ "type": "Feature", "properties": { "id": 8901356, "clee": "31050468411002503000026723S3", "nom_estab": "CARBURANTES DE YUCATAN PARAISO MAYA", "raz_social": "CARBURANTES DE YUCATAN", "codigo_act": "468411", "nombre_act": "Comercio al por menor de gasolina y diesel", "per_ocu": "11 a 30 personas", "tipo_vial": "AVENIDA", "nom_vial": "16 A", "tipo_v_e_1": "CALLE", "nom_v_e_1": "Yucat?n (17)", "tipo_v_e_2": "AVENIDA", "nom_v_e_2": "23", "tipo_v_e_3": "CALLE", "nom_v_e_3": "22", "numero_ext": "300", "letra_ext": null, "edificio": null, "edificio_e": null, "numero_int": null, "letra_int": null, "tipo_asent": "COLONIA", "nomb_asent": "MAYA", "tipoCenCom": null, "nom_CenCom": null, "num_local": null, "cod_postal": "97134", "cve_ent": "31", "entidad": "Yucat?n", "cve_mun": "050", "municipio": "M?rida", "cve_loc": "0001", "localidad": "M?rida", "ageb": "3996", "manzana": "010", "telefono": null, "correoelec": "1SUPERVISOR.CONTABLE@PETROMAYAB.COM.MX", "www": "WWW.PETROMAYAB.COM", "tipoUniEco": "Fijo", "latitud": 21.01830505, "longitud": -89.56913134, "fecha_alta": "2019-11", "layer": "Com_men_4", "path": "D:/Trabajos/Contaminantes/DENUE/Comercio_menor/Com_men_4.shp" }, "geometry": { "type": "Point", "coordinates": [ -89.56913134, 21.01830505 ] } },
{ "type": "Feature", "properties": { "id": 8940673, "clee": "31050468411002573000000000U6", "nom_estab": "ESTACION DE SERVICIO TEMOZON NORTE", "raz_social": "ESTACION DE SERVICIO TEMOZON NORTE", "codigo_act": "468411", "nombre_act": "Comercio al por menor de gasolina y diesel", "per_ocu": "11 a 30 personas", "tipo_vial": "CALLE", "nom_vial": "69", "tipo_v_e_1": "CALLE", "nom_v_e_1": "60", "tipo_v_e_2": "CALLE", "nom_v_e_2": "NINGUNO", "tipo_v_e_3": "CALLE", "nom_v_e_3": "NINGUNO", "numero_ext": "22550", "letra_ext": "TABLAJE CATASTRAL", "edificio": null, "edificio_e": null, "numero_int": null, "letra_int": null, "tipo_asent": "COLONIA", "nomb_asent": "TEMOZON NORTE", "tipoCenCom": null, "nom_CenCom": null, "num_local": null, "cod_postal": "97300", "cve_ent": "31", "entidad": "Yucat?n", "cve_mun": "050", "municipio": "M?rida", "cve_loc": "0001", "localidad": "M?rida", "ageb": "3591", "manzana": "006", "telefono": null, "correoelec": "ESTACION.DESERVICIO@HOTMAIL.COM", "www": null, "tipoUniEco": "Fijo", "latitud": 21.05989546, "longitud": -89.63068845, "fecha_alta": "2019-11", "layer": "Com_men_4", "path": "D:/Trabajos/Contaminantes/DENUE/Comercio_menor/Com_men_4.shp" }, "geometry": { "type": "Point", "coordinates": [ -89.63068845, 21.05989546 ] } },
{ "type": "Feature", "properties": { "id": 9177455, "clee": "31050468414000021000000000U2", "nom_estab": "TIENDA DE GASES INDUSTRIALES Y SOLDADURAS ATMO GAS", "raz_social": "ATMOGAS", "codigo_act": "468414", "nombre_act": "Comercio al por menor en estaciones de gas natural vehicular", "per_ocu": "0 a 5 personas", "tipo_vial": "CALLE", "nom_vial": "73", "tipo_v_e_1": "CALLE", "nom_v_e_1": "75", "tipo_v_e_2": "CALLE", "nom_v_e_2": "94", "tipo_v_e_3": "CALLE", "nom_v_e_3": "73", "numero_ext": "674", "letra_ext": null, "edificio": null, "edificio_e": null, "numero_int": null, "letra_int": null, "tipo_asent": "COLONIA", "nomb_asent": "SAMBUL?", "tipoCenCom": null, "nom_CenCom": null, "num_local": null, "cod_postal": "97259", "cve_ent": "31", "entidad": "Yucat?n", "cve_mun": "050", "municipio": "M?rida", "cve_loc": "0001", "localidad": "M?rida", "ageb": "0597", "manzana": "030", "telefono": "9993387946", "correoelec": "MAQUEISFACTURAS@HOTMAIL.COM", "www": null, "tipoUniEco": "Fijo", "latitud": 20.95966641, "longitud": -89.64667843, "fecha_alta": "2019-11", "layer": "Com_men_4", "path": "D:/Trabajos/Contaminantes/DENUE/Comercio_menor/Com_men_4.shp" }, "geometry": { "type": "Point", "coordinates": [ -89.64667843, 20.95966641 ] } },
{ "type": "Feature", "properties": { "id": 9251101, "clee": "31049468411000013000008448S7", "nom_estab": "OXXO GAS SUC MERIDA CUN 55XMP", "raz_social": "SERVICIOS GASOLINEROS DE MEXICO", "codigo_act": "468411", "nombre_act": "Comercio al por menor de gasolina y diesel", "per_ocu": "11 a 30 personas", "tipo_vial": "CALLE", "nom_vial": "53", "tipo_v_e_1": "CALLE", "nom_v_e_1": "18", "tipo_v_e_2": "CALLE", "nom_v_e_2": "10", "tipo_v_e_3": "CALLE", "nom_v_e_3": "51", "numero_ext": "433", "letra_ext": null, "edificio": null, "edificio_e": null, "numero_int": null, "letra_int": null, "tipo_asent": "COLONIA", "nomb_asent": "MAYAPAN", "tipoCenCom": null, "nom_CenCom": null, "num_local": null, "cod_postal": "97159", "cve_ent": "31", "entidad": "Yucat?n", "cve_mun": "050", "municipio": "M?rida", "cve_loc": "0001", "localidad": "M?rida", "ageb": "0262", "manzana": "062", "telefono": null, "correoelec": "ATENCIONCLIENTES@OXXOGAS.COM", "www": "WWW.OXXOGAS.COM", "tipoUniEco": "Fijo", "latitud": 20.98095546, "longitud": -89.58949541, "fecha_alta": "2020-04", "layer": "Com_men_4", "path": "D:/Trabajos/Contaminantes/DENUE/Comercio_menor/Com_men_4.shp" }, "geometry": { "type": "Point", "coordinates": [ -89.58949541, 20.98095546 ] } },
{ "type": "Feature", "properties": { "id": 9289905, "clee": "31050468411002721000000000U1", "nom_estab": "COMERCIO DE CUPONES DE GASOLINA", "raz_social": "COMERCIALIZADORA LAMOL", "codigo_act": "468411", "nombre_act": "Comercio al por menor de gasolina y diesel", "per_ocu": "0 a 5 personas", "tipo_vial": "CALLE", "nom_vial": "11", "tipo_v_e_1": "CALLE", "nom_v_e_1": "10", "tipo_v_e_2": "CALLE", "nom_v_e_2": "12", "tipo_v_e_3": "CALLE", "nom_v_e_3": "5", "numero_ext": "137", "letra_ext": null, "edificio": null, "edificio_e": null, "numero_int": null, "letra_int": null, "tipo_asent": "COLONIA", "nomb_asent": "GARC?A GINER?S", "tipoCenCom": null, "nom_CenCom": null, "num_local": null, "cod_postal": "97070", "cve_ent": "31", "entidad": "Yucat?n", "cve_mun": "050", "municipio": "M?rida", "cve_loc": "0001", "localidad": "M?rida", "ageb": "021A", "manzana": "024", "telefono": "9999300810", "correoelec": "LIGIA_VALDEZ@GRUPOLAMOL.COM", "www": null, "tipoUniEco": "Fijo", "latitud": 20.99165411, "longitud": -89.62748061000001, "fecha_alta": "2020-11", "layer": "Com_men_4", "path": "D:/Trabajos/Contaminantes/DENUE/Comercio_menor/Com_men_4.shp" }, "geometry": { "type": "Point", "coordinates": [ -89.62748061, 20.99165411 ] } },
{ "type": "Feature", "properties": { "id": 9323801, "clee": "31050468411002683000017072S3", "nom_estab": "FOMENTO GASOLINERO LAS AMERICAS", "raz_social": "FOMENTO GASOLINERO", "codigo_act": "468411", "nombre_act": "Comercio al por menor de gasolina y diesel", "per_ocu": "11 a 30 personas", "tipo_vial": "CALLE", "nom_vial": "74", "tipo_v_e_1": "CALLE", "nom_v_e_1": "NINGUNO", "tipo_v_e_2": "PRIVADA", "nom_v_e_2": "61", "tipo_v_e_3": "CALLE", "nom_v_e_3": "NINGUNO", "numero_ext": "249", "letra_ext": null, "edificio": null, "edificio_e": null, "numero_int": null, "letra_int": null, "tipo_asent": "FRACCIONAMIENTO", "nomb_asent": "LAS AMERICAS", "tipoCenCom": null, "nom_CenCom": null, "num_local": null, "cod_postal": "97302", "cve_ent": "31", "entidad": "Yucat?n", "cve_mun": "050", "municipio": "M?rida", "cve_loc": "0001", "localidad": "M?rida", "ageb": "4903", "manzana": "009", "telefono": null, "correoelec": "SAMUEL.HERRERA@LODEMORED.COM", "www": "WWW.LODEMORED.COM.MX", "tipoUniEco": "Fijo", "latitud": 21.06967012, "longitud": -89.64461159, "fecha_alta": "2020-11", "layer": "Com_men_4", "path": "D:/Trabajos/Contaminantes/DENUE/Comercio_menor/Com_men_4.shp" }, "geometry": { "type": "Point", "coordinates": [ -89.64461159, 21.06967012 ] } },
{ "type": "Feature", "properties": { "id": 9326832, "clee": "31050468411002672000000000U0", "nom_estab": "SERVICIOS ECOLOGICOS CHICHEN ITZA, S. A. DE C. V", "raz_social": "SERVICIOS ECOLOGICOS CHICHEN ITZA", "codigo_act": "468411", "nombre_act": "Comercio al por menor de gasolina y diesel", "per_ocu": "6 a 10 personas", "tipo_vial": "CALLE", "nom_vial": "CALLE 31 NO. 836 Y 838 FRACCIONAMIENTO CIUDAD CAUCEL", "tipo_v_e_1": "CALLE", "nom_v_e_1": "33", "tipo_v_e_2": "AVENIDA", "nom_v_e_2": "31", "tipo_v_e_3": "CALLE", "nom_v_e_3": "108", "numero_ext": null, "letra_ext": "SN", "edificio": null, "edificio_e": null, "numero_int": null, "letra_int": null, "tipo_asent": "COLONIA", "nomb_asent": "NINGUNO", "tipoCenCom": null, "nom_CenCom": null, "num_local": null, "cod_postal": "97314", "cve_ent": "31", "entidad": "Yucat?n", "cve_mun": "050", "municipio": "M?rida", "cve_loc": "0001", "localidad": "M?rida", "ageb": "5687", "manzana": "044", "telefono": null, "correoelec": null, "www": null, "tipoUniEco": "Fijo", "latitud": 21.00813869, "longitud": -89.71479363, "fecha_alta": "2020-11", "layer": "Com_men_4", "path": "D:/Trabajos/Contaminantes/DENUE/Comercio_menor/Com_men_4.shp" }, "geometry": { "type": "Point", "coordinates": [ -89.71479363, 21.00813869 ] } },
{ "type": "Feature", "properties": { "id": 9327198, "clee": "31050468411002702000000000U1", "nom_estab": "FULL GAS", "raz_social": null, "codigo_act": "468411", "nombre_act": "Comercio al por menor de gasolina y diesel", "per_ocu": "6 a 10 personas", "tipo_vial": "CALLE", "nom_vial": "50", "tipo_v_e_1": "CERRADA", "nom_v_e_1": "NINGUNO", "tipo_v_e_2": "CERRADA", "nom_v_e_2": "NINGUNO", "tipo_v_e_3": "CALLE", "nom_v_e_3": "56", "numero_ext": null, "letra_ext": "SN", "edificio": null, "edificio_e": null, "numero_int": null, "letra_int": null, "tipo_asent": "COLONIA", "nomb_asent": "TEMOZON NORTE", "tipoCenCom": null, "nom_CenCom": null, "num_local": null, "cod_postal": "97300", "cve_ent": "31", "entidad": "Yucat?n", "cve_mun": "050", "municipio": "M?rida", "cve_loc": "0001", "localidad": "M?rida", "ageb": "3591", "manzana": "004", "telefono": null, "correoelec": null, "www": null, "tipoUniEco": "Fijo", "latitud": 21.05618678, "longitud": -89.63119732, "fecha_alta": "2020-11", "layer": "Com_men_4", "path": "D:/Trabajos/Contaminantes/DENUE/Comercio_menor/Com_men_4.shp" }, "geometry": { "type": "Point", "coordinates": [ -89.631197320000012, 21.05618678 ] } },
{ "type": "Feature", "properties": { "id": 9356492, "clee": "31050541211005621000000000U5", "nom_estab": "LITROS COMPLETOS PLAYA", "raz_social": "ENERGETICOS DE PLAYA", "codigo_act": "468411", "nombre_act": "Comercio al por menor de gasolina y diesel", "per_ocu": "0 a 5 personas", "tipo_vial": "CALLE", "nom_vial": "62", "tipo_v_e_1": "CALLE", "nom_v_e_1": "41", "tipo_v_e_2": "CALLE", "nom_v_e_2": "39", "tipo_v_e_3": "CALLE", "nom_v_e_3": "39", "numero_ext": "337", "letra_ext": "E", "edificio": null, "edificio_e": null, "numero_int": null, "letra_int": null, "tipo_asent": "COLONIA", "nomb_asent": "CENTRO", "tipoCenCom": null, "nom_CenCom": null, "num_local": "5", "cod_postal": "97000", "cve_ent": "31", "entidad": "Yucat?n", "cve_mun": "050", "municipio": "M?rida", "cve_loc": "0001", "localidad": "M?rida", "ageb": "0328", "manzana": "008", "telefono": null, "correoelec": null, "www": null, "tipoUniEco": "Fijo", "latitud": 20.98011307, "longitud": -89.62226983, "fecha_alta": "2021-05", "layer": "Com_men_4", "path": "D:/Trabajos/Contaminantes/DENUE/Comercio_menor/Com_men_4.shp" }, "geometry": { "type": "Point", "coordinates": [ -89.62226983, 20.98011307 ] } },
{ "type": "Feature", "properties": { "id": 9360104, "clee": "31050468411002783001057860S1", "nom_estab": "ESTACION 10", "raz_social": "GASOLINERA DE MERIDA", "codigo_act": "468411", "nombre_act": "Comercio al por menor de gasolina y diesel", "per_ocu": "6 a 10 personas", "tipo_vial": "CALLE", "nom_vial": "10", "tipo_v_e_1": "CALLE", "nom_v_e_1": "NINGUNO", "tipo_v_e_2": "CALLE", "nom_v_e_2": "13", "tipo_v_e_3": "CALLE", "nom_v_e_3": "8", "numero_ext": "286", "letra_ext": "A", "edificio": null, "edificio_e": null, "numero_int": null, "letra_int": null, "tipo_asent": "COLONIA", "nomb_asent": "SANTA GERTRUDIS COP?", "tipoCenCom": null, "nom_CenCom": null, "num_local": null, "cod_postal": "97305", "cve_ent": "31", "entidad": "Yucat?n", "cve_mun": "050", "municipio": "M?rida", "cve_loc": "0001", "localidad": "M?rida", "ageb": "5600", "manzana": "022", "telefono": null, "correoelec": "CONTADORGENERAL@GMEGASUR.COM.MX", "www": null, "tipoUniEco": "Fijo", "latitud": 21.03401734, "longitud": -89.59100048000001, "fecha_alta": "2021-05", "layer": "Com_men_4", "path": "D:/Trabajos/Contaminantes/DENUE/Comercio_menor/Com_men_4.shp" }, "geometry": { "type": "Point", "coordinates": [ -89.59100048, 21.03401734 ] } },
{ "type": "Feature", "properties": { "id": 9389422, "clee": "31050468411002791001026723S4", "nom_estab": "CARBURANTES DE YUCATAN JARDINES DEL NORTE", "raz_social": "CARBURANTES DE YUCATAN", "codigo_act": "468411", "nombre_act": "Comercio al por menor de gasolina y diesel", "per_ocu": "11 a 30 personas", "tipo_vial": "PERIFERICO", "nom_vial": "LICENCIADO MANUEL BERZUNZA", "tipo_v_e_1": "CALLE", "nom_v_e_1": "20 G", "tipo_v_e_2": "CALLE", "nom_v_e_2": "20 J", "tipo_v_e_3": "CALLE", "nom_v_e_3": "25 DIAGONAL", "numero_ext": "35114", "letra_ext": "L-132", "edificio": null, "edificio_e": null, "numero_int": null, "letra_int": null, "tipo_asent": "COLONIA", "nomb_asent": "JARDINES DEL NORTE", "tipoCenCom": null, "nom_CenCom": null, "num_local": null, "cod_postal": "97138", "cve_ent": "31", "entidad": "Yucat?n", "cve_mun": "050", "municipio": "M?rida", "cve_loc": "0001", "localidad": "M?rida", "ageb": "5174", "manzana": "027", "telefono": null, "correoelec": "1SUPERVISOR.CONTABLE@PETROMAYAB.COM.MX", "www": null, "tipoUniEco": "Fijo", "latitud": 21.01418584, "longitud": -89.56372038000001, "fecha_alta": "2022-11", "layer": "Com_men_4", "path": "D:/Trabajos/Contaminantes/DENUE/Comercio_menor/Com_men_4.shp" }, "geometry": { "type": "Point", "coordinates": [ -89.56372038, 21.01418584 ] } },
{ "type": "Feature", "properties": { "id": 9389424, "clee": "31050468411002801001026723S1", "nom_estab": "CARBURANTES DE YUCATAN LAZARO CARDENAS", "raz_social": "CARBURANTES DE YUCATAN", "codigo_act": "468411", "nombre_act": "Comercio al por menor de gasolina y diesel", "per_ocu": "11 a 30 personas", "tipo_vial": "CALLE", "nom_vial": "25", "tipo_v_e_1": "CALLE", "nom_v_e_1": "6", "tipo_v_e_2": "CIRCUITO", "nom_v_e_2": "COLONIAS (4)", "tipo_v_e_3": "CALLE", "nom_v_e_3": "25 A", "numero_ext": "406", "letra_ext": null, "edificio": null, "edificio_e": null, "numero_int": null, "letra_int": "PL-09B", "tipo_asent": "COLONIA", "nomb_asent": "LAZARO CARDENAS OTE", "tipoCenCom": null, "nom_CenCom": null, "num_local": null, "cod_postal": "97157", "cve_ent": "31", "entidad": "Yucat?n", "cve_mun": "050", "municipio": "M?rida", "cve_loc": "0001", "localidad": "M?rida", "ageb": "530A", "manzana": "018", "telefono": null, "correoelec": "1SUPERVISOR.CONTABLE@PETROMAYAB.COM.MX", "www": null, "tipoUniEco": "Fijo", "latitud": 20.97131126, "longitud": -89.59128239, "fecha_alta": "2022-11", "layer": "Com_men_4", "path": "D:/Trabajos/Contaminantes/DENUE/Comercio_menor/Com_men_4.shp" }, "geometry": { "type": "Point", "coordinates": [ -89.59128239, 20.97131126 ] } },
{ "type": "Feature", "properties": { "id": 9389430, "clee": "31050468411002811001024345S0", "nom_estab": "ESTACION AEROPUERTO", "raz_social": "SERVICIOS SAN NICOLAS", "codigo_act": "468411", "nombre_act": "Comercio al por menor de gasolina y diesel", "per_ocu": "6 a 10 personas", "tipo_vial": "AVENIDA", "nom_vial": "ARMANDO MANZANERO(60)", "tipo_v_e_1": "CALLE", "nom_v_e_1": "119", "tipo_v_e_2": "CALLE", "nom_v_e_2": "121", "tipo_v_e_3": "CALLE", "nom_v_e_3": "58", "numero_ext": "896", "letra_ext": null, "edificio": null, "edificio_e": null, "numero_int": null, "letra_int": null, "tipo_asent": "COLONIA", "nomb_asent": "MERCEDES BARRERA", "tipoCenCom": null, "nom_CenCom": null, "num_local": null, "cod_postal": "97277", "cve_ent": "31", "entidad": "Yucat?n", "cve_mun": "050", "municipio": "M?rida", "cve_loc": "0001", "localidad": "M?rida", "ageb": "0807", "manzana": "032", "telefono": null, "correoelec": "CONTADORGENERAL@GMEGASUR.COM.MX", "www": null, "tipoUniEco": "Fijo", "latitud": 20.93286634, "longitud": -89.62929349, "fecha_alta": "2022-11", "layer": "Com_men_4", "path": "D:/Trabajos/Contaminantes/DENUE/Comercio_menor/Com_men_4.shp" }, "geometry": { "type": "Point", "coordinates": [ -89.62929349, 20.93286634 ] } },
{ "type": "Feature", "properties": { "id": 9389433, "clee": "31050468411002821001059381M9", "nom_estab": "GASOLINERA ECA NORTE", "raz_social": "ENERKOM CONSULTORIA EN ADMINISTRACION", "codigo_act": "468411", "nombre_act": "Comercio al por menor de gasolina y diesel", "per_ocu": "11 a 30 personas", "tipo_vial": "CALLE", "nom_vial": "9A", "tipo_v_e_1": "CALLE", "nom_v_e_1": "12", "tipo_v_e_2": "CALLE", "nom_v_e_2": "12", "tipo_v_e_3": "CALLE", "nom_v_e_3": "9A", "numero_ext": "304", "letra_ext": "L 301", "edificio": null, "edificio_e": null, "numero_int": null, "letra_int": null, "tipo_asent": "COLONIA", "nomb_asent": "SANTA GERTRUDIS COP?", "tipoCenCom": null, "nom_CenCom": null, "num_local": null, "cod_postal": "97345", "cve_ent": "31", "entidad": "Yucat?n", "cve_mun": "050", "municipio": "M?rida", "cve_loc": "0001", "localidad": "M?rida", "ageb": "3445", "manzana": "053", "telefono": null, "correoelec": "JEFATURA.CONTABLE@ENERKOM.COM.MX", "www": "WWW.ENERKOM.COM.MX", "tipoUniEco": "Fijo", "latitud": 21.03589655, "longitud": -89.59165302, "fecha_alta": "2022-11", "layer": "Com_men_4", "path": "D:/Trabajos/Contaminantes/DENUE/Comercio_menor/Com_men_4.shp" }, "geometry": { "type": "Point", "coordinates": [ -89.59165302, 21.03589655 ] } },
{ "type": "Feature", "properties": { "id": 9389488, "clee": "31050468411002831001022927S8", "nom_estab": "ESTACION ANIMAYA", "raz_social": "SAN ANTONIO TEKAX", "codigo_act": "468411", "nombre_act": "Comercio al por menor de gasolina y diesel", "per_ocu": "6 a 10 personas", "tipo_vial": "CARRETERA", "nom_vial": "NINGUNO", "tipo_v_e_1": "CALLE", "nom_v_e_1": "96", "tipo_v_e_2": "CALLE", "nom_v_e_2": "106", "tipo_v_e_3": "CALLE", "nom_v_e_3": "NINGUNO", "numero_ext": "1204", "letra_ext": null, "edificio": null, "edificio_e": null, "numero_int": null, "letra_int": null, "tipo_asent": "FRACCIONAMIENTO", "nomb_asent": "CAUCEL II", "tipoCenCom": null, "nom_CenCom": null, "num_local": null, "cod_postal": "97314", "cve_ent": "31", "entidad": "Yucat?n", "cve_mun": "050", "municipio": "M?rida", "cve_loc": "0001", "localidad": "M?rida", "ageb": "6825", "manzana": "024", "telefono": null, "correoelec": "CONTADORGENERAL@GMEGASUR.COM.MX", "www": null, "tipoUniEco": "Fijo", "latitud": 20.98655177, "longitud": -89.71430069, "fecha_alta": "2022-11", "layer": "Com_men_4", "path": "D:/Trabajos/Contaminantes/DENUE/Comercio_menor/Com_men_4.shp" }, "geometry": { "type": "Point", "coordinates": [ -89.71430069, 20.98655177 ] } },
{ "type": "Feature", "properties": { "id": 9389495, "clee": "31050468411002841001017072S7", "nom_estab": "FOMENTO GASOLINERO XCANANTUN", "raz_social": "FOMENTO GASOLINERO", "codigo_act": "468411", "nombre_act": "Comercio al por menor de gasolina y diesel", "per_ocu": "11 a 30 personas", "tipo_vial": "CALLE", "nom_vial": "60", "tipo_v_e_1": "OTRO(ESPECIFIQUE)", "nom_v_e_1": "NINGUNO", "tipo_v_e_2": "CALLE", "nom_v_e_2": "NINGUNO", "tipo_v_e_3": "CALLE", "nom_v_e_3": "NINGUNO", "numero_ext": "19133", "letra_ext": null, "edificio": null, "edificio_e": null, "numero_int": "76", "letra_int": null, "tipo_asent": "COLONIA", "nomb_asent": "TEMOZON NORTE", "tipoCenCom": null, "nom_CenCom": null, "num_local": null, "cod_postal": "97302", "cve_ent": "31", "entidad": "Yucat?n", "cve_mun": "050", "municipio": "M?rida", "cve_loc": "0001", "localidad": "M?rida", "ageb": "427A", "manzana": "024", "telefono": null, "correoelec": "SAMUEL.HERRE@LODEMORED.COM.MX", "www": "WWW.GRUPOLODEMO.MX", "tipoUniEco": "Fijo", "latitud": 21.0678325, "longitud": -89.63312764, "fecha_alta": "2022-11", "layer": "Com_men_4", "path": "D:/Trabajos/Contaminantes/DENUE/Comercio_menor/Com_men_4.shp" }, "geometry": { "type": "Point", "coordinates": [ -89.63312764, 21.0678325 ] } },
{ "type": "Feature", "properties": { "id": 9389499, "clee": "31050468411002861000012879S5", "nom_estab": "ESTACION UPTOWN", "raz_social": "AUTOSERVICIO YUCATAN", "codigo_act": "468411", "nombre_act": "Comercio al por menor de gasolina y diesel", "per_ocu": "0 a 5 personas", "tipo_vial": "AVENIDA", "nom_vial": "34 JOS? VASCONCELOS", "tipo_v_e_1": "CALLE", "nom_v_e_1": "17 B", "tipo_v_e_2": "AVENIDA", "nom_v_e_2": "CORREA RACH? (6)", "tipo_v_e_3": "PRIVADA", "nom_v_e_3": "6 B", "numero_ext": "270", "letra_ext": null, "edificio": null, "edificio_e": null, "numero_int": "2342", "letra_int": null, "tipo_asent": "COLONIA", "nomb_asent": "JARDINES DE VISTA ALEGRE", "tipoCenCom": null, "nom_CenCom": null, "num_local": null, "cod_postal": "97130", "cve_ent": "31", "entidad": "Yucat?n", "cve_mun": "050", "municipio": "M?rida", "cve_loc": "0001", "localidad": "M?rida", "ageb": "5028", "manzana": "004", "telefono": null, "correoelec": "CONTADORGENERAL@GMEGASUR.COM.MX", "www": null, "tipoUniEco": "Fijo", "latitud": 21.01182104, "longitud": -89.58052129, "fecha_alta": "2022-11", "layer": "Com_men_4", "path": "D:/Trabajos/Contaminantes/DENUE/Comercio_menor/Com_men_4.shp" }, "geometry": { "type": "Point", "coordinates": [ -89.58052129, 21.01182104 ] } },
{ "type": "Feature", "properties": { "id": 9389554, "clee": "31050468411002891001059382M2", "nom_estab": "ESTACION DE SERVICIO CAUCEL LA PISTA 23736", "raz_social": "ESTACION DE SERVICIO CAUCEL", "codigo_act": "468411", "nombre_act": "Comercio al por menor de gasolina y diesel", "per_ocu": "31 a 50 personas", "tipo_vial": "PERIFERICO", "nom_vial": "MANUEL BERZUNZA", "tipo_v_e_1": "CALLE", "nom_v_e_1": "47A", "tipo_v_e_2": "CALLE", "nom_v_e_2": "51", "tipo_v_e_3": "CALLE", "nom_v_e_3": "70", "numero_ext": "18593", "letra_ext": "S2-05C", "edificio": null, "edificio_e": null, "numero_int": null, "letra_int": null, "tipo_asent": "COLONIA", "nomb_asent": "MONTECARLO", "tipoCenCom": null, "nom_CenCom": null, "num_local": null, "cod_postal": "97302", "cve_ent": "31", "entidad": "Yucat?n", "cve_mun": "050", "municipio": "M?rida", "cve_loc": "0001", "localidad": "M?rida", "ageb": "5600", "manzana": "020", "telefono": null, "correoelec": "CONTABILIDAD.ESTACIONES@ABIMERHI.COM", "www": "WWW.ABIMERHI.COM", "tipoUniEco": "Fijo", "latitud": 21.02987814, "longitud": -89.57682652, "fecha_alta": "2022-11", "layer": "Com_men_4", "path": "D:/Trabajos/Contaminantes/DENUE/Comercio_menor/Com_men_4.shp" }, "geometry": { "type": "Point", "coordinates": [ -89.57682652, 21.02987814 ] } },
{ "type": "Feature", "properties": { "id": 9389555, "clee": "31050468411002901001023930S9", "nom_estab": "PROMOTORA DE GASOLINERIAS ESTACION 7902", "raz_social": "PROMOTORA DE GASOLINERIAS", "codigo_act": "468411", "nombre_act": "Comercio al por menor de gasolina y diesel", "per_ocu": "11 a 30 personas", "tipo_vial": "AVENIDA", "nom_vial": "70", "tipo_v_e_1": "CALLE", "nom_v_e_1": "81", "tipo_v_e_2": "CALLE", "nom_v_e_2": "87", "tipo_v_e_3": "DIAGONAL", "nom_v_e_3": "82", "numero_ext": "27236", "letra_ext": null, "edificio": null, "edificio_e": null, "numero_int": "1", "letra_int": null, "tipo_asent": "FRACCIONAMIENTO", "nomb_asent": "CIUDAD CAUCEL", "tipoCenCom": null, "nom_CenCom": null, "num_local": null, "cod_postal": "97314", "cve_ent": "31", "entidad": "Yucat?n", "cve_mun": "050", "municipio": "M?rida", "cve_loc": "0001", "localidad": "M?rida", "ageb": "5812", "manzana": "036", "telefono": null, "correoelec": "PROMOGASO@PRODIGY.COM.MX", "www": null, "tipoUniEco": "Fijo", "latitud": 20.99013952, "longitud": -89.70053001, "fecha_alta": "2022-11", "layer": "Com_men_4", "path": "D:/Trabajos/Contaminantes/DENUE/Comercio_menor/Com_men_4.shp" }, "geometry": { "type": "Point", "coordinates": [ -89.70053001, 20.99013952 ] } },
{ "type": "Feature", "properties": { "id": 9389561, "clee": "31050468411002911001022466S8", "nom_estab": "GULF CUPULES", "raz_social": "CORPORATIVO GASOLINERO DEL CARIBE", "codigo_act": "468411", "nombre_act": "Comercio al por menor de gasolina y diesel", "per_ocu": "11 a 30 personas", "tipo_vial": "AVENIDA", "nom_vial": "CUPULES (33)", "tipo_v_e_1": "CALLE", "nom_v_e_1": "12", "tipo_v_e_2": "CALLE", "nom_v_e_2": "18", "tipo_v_e_3": "CALLE", "nom_v_e_3": "23", "numero_ext": "79", "letra_ext": null, "edificio": null, "edificio_e": null, "numero_int": null, "letra_int": null, "tipo_asent": "COLONIA", "nomb_asent": "YUCAT?N", "tipoCenCom": null, "nom_CenCom": null, "num_local": null, "cod_postal": "97070", "cve_ent": "31", "entidad": "Yucat?n", "cve_mun": "050", "municipio": "M?rida", "cve_loc": "0001", "localidad": "M?rida", "ageb": "1504", "manzana": "028", "telefono": null, "correoelec": "SAMUEL.HERRERA@LODEMORED.COM.MX", "www": "WWW.LODEMORED.COM.MX", "tipoUniEco": "Fijo", "latitud": 20.99177362, "longitud": -89.62557602, "fecha_alta": "2022-11", "layer": "Com_men_4", "path": "D:/Trabajos/Contaminantes/DENUE/Comercio_menor/Com_men_4.shp" }, "geometry": { "type": "Point", "coordinates": [ -89.62557602, 20.99177362 ] } },
{ "type": "Feature", "properties": { "id": 9392454, "clee": "31050468411002941001021130S5", "nom_estab": "ESTACION AVENIDA 86 SUR", "raz_social": "PETROMERIDA", "codigo_act": "468411", "nombre_act": "Comercio al por menor de gasolina y diesel", "per_ocu": "6 a 10 personas", "tipo_vial": "CALLE", "nom_vial": "86", "tipo_v_e_1": "CALLE", "nom_v_e_1": "153", "tipo_v_e_2": "CALLE", "nom_v_e_2": "149", "tipo_v_e_3": "CALLE", "nom_v_e_3": "80 A", "numero_ext": "507", "letra_ext": null, "edificio": null, "edificio_e": null, "numero_int": null, "letra_int": null, "tipo_asent": "COLONIA", "nomb_asent": "EMILIANO ZAPATA SUR III", "tipoCenCom": null, "nom_CenCom": null, "num_local": null, "cod_postal": "97297", "cve_ent": "31", "entidad": "Yucat?n", "cve_mun": "050", "municipio": "M?rida", "cve_loc": "0001", "localidad": "M?rida", "ageb": "605A", "manzana": "032", "telefono": null, "correoelec": "CONTADORGENERAL@GMEGASUR.COM.MX", "www": null, "tipoUniEco": "Fijo", "latitud": 20.92039913, "longitud": -89.64564776, "fecha_alta": "2023-11", "layer": "Com_men_4", "path": "D:/Trabajos/Contaminantes/DENUE/Comercio_menor/Com_men_4.shp" }, "geometry": { "type": "Point", "coordinates": [ -89.64564776, 20.92039913 ] } },
{ "type": "Feature", "properties": { "id": 9398166, "clee": "31050468412000263011012915S4", "nom_estab": "GAS TOMZA DE YUCATAN CANEK", "raz_social": "GAS TOMZA DE YUCATAN", "codigo_act": "468413", "nombre_act": "Comercio al por menor de gas L. P. en estaciones de carburación", "per_ocu": "0 a 5 personas", "tipo_vial": "AVENIDA", "nom_vial": "JACINTO CANEK (59 A)", "tipo_v_e_1": "CERRADA", "nom_v_e_1": "NINGUNO", "tipo_v_e_2": "CALLE", "nom_v_e_2": "114", "tipo_v_e_3": "PRIVADA", "nom_v_e_3": "51", "numero_ext": "775", "letra_ext": null, "edificio": null, "edificio_e": null, "numero_int": null, "letra_int": null, "tipo_asent": "COLONIA", "nomb_asent": "BOJORQUEZ", "tipoCenCom": null, "nom_CenCom": null, "num_local": null, "cod_postal": "97220", "cve_ent": "31", "entidad": "Yucat?n", "cve_mun": "050", "municipio": "M?rida", "cve_loc": "0001", "localidad": "M?rida", "ageb": "2733", "manzana": "001", "telefono": null, "correoelec": "IFRANCO.G@TOMZA.COM", "www": null, "tipoUniEco": "Fijo", "latitud": 20.98364229, "longitud": -89.65395416, "fecha_alta": "2023-11", "layer": "Com_men_4", "path": "D:/Trabajos/Contaminantes/DENUE/Comercio_menor/Com_men_4.shp" }, "geometry": { "type": "Point", "coordinates": [ -89.65395416, 20.98364229 ] } },
{ "type": "Feature", "properties": { "id": 9405252, "clee": "31050468411002973000017072S8", "nom_estab": "FOMENTO GASOLINERO CUM", "raz_social": "FOMENTO GASOLINERO", "codigo_act": "468411", "nombre_act": "Comercio al por menor de gasolina y diesel", "per_ocu": "11 a 30 personas", "tipo_vial": "AVENIDA", "nom_vial": "MARCELINO CHAMPAGNAT (17)", "tipo_v_e_1": "CALLE", "nom_v_e_1": "60", "tipo_v_e_2": "CALLE", "nom_v_e_2": "20 A", "tipo_v_e_3": "CALLE", "nom_v_e_3": "5 B (SALVADOR ALVARADO)", "numero_ext": "105", "letra_ext": null, "edificio": null, "edificio_e": null, "numero_int": null, "letra_int": null, "tipo_asent": "COLONIA", "nomb_asent": "REVOLUCION", "tipoCenCom": null, "nom_CenCom": null, "num_local": null, "cod_postal": "97204", "cve_ent": "31", "entidad": "Yucat?n", "cve_mun": "050", "municipio": "M?rida", "cve_loc": "0001", "localidad": "M?rida", "ageb": "2451", "manzana": "028", "telefono": null, "correoelec": "SAMUEL.HERRERA@GRUPOLODEMO.COM.MX", "www": null, "tipoUniEco": "Fijo", "latitud": 21.02793333, "longitud": -89.62885238, "fecha_alta": "2023-11", "layer": "Com_men_4", "path": "D:/Trabajos/Contaminantes/DENUE/Comercio_menor/Com_men_4.shp" }, "geometry": { "type": "Point", "coordinates": [ -89.62885238, 21.02793333 ] } },
{ "type": "Feature", "properties": { "id": 9405253, "clee": "31050468411002982001017072S9", "nom_estab": "FOMENTO GASOLINERO SANTA GERTRUDIS", "raz_social": "FOMENTO GASOLINERO", "codigo_act": "468411", "nombre_act": "Comercio al por menor de gasolina y diesel", "per_ocu": "11 a 30 personas", "tipo_vial": "PERIFERICO", "nom_vial": "LICENCIADO MANUEL BERZUNZA", "tipo_v_e_1": "CALLE", "nom_v_e_1": "10", "tipo_v_e_2": "CALLE", "nom_v_e_2": "12", "tipo_v_e_3": "CALLE", "nom_v_e_3": "NINGUNO", "numero_ext": "302", "letra_ext": null, "edificio": null, "edificio_e": null, "numero_int": "1", "letra_int": null, "tipo_asent": "COLONIA", "nomb_asent": "SANTA GERTRUDIS COP?", "tipoCenCom": null, "nom_CenCom": null, "num_local": null, "cod_postal": "97305", "cve_ent": "31", "entidad": "Yucat?n", "cve_mun": "050", "municipio": "M?rida", "cve_loc": "0001", "localidad": "M?rida", "ageb": "3445", "manzana": "053", "telefono": null, "correoelec": "SAMUEL.HERRERA@LODEMORED.COM.MX", "www": "WWW.LODEMORED.MX", "tipoUniEco": "Fijo", "latitud": 21.0359618, "longitud": -89.59183487, "fecha_alta": "2023-11", "layer": "Com_men_4", "path": "D:/Trabajos/Contaminantes/DENUE/Comercio_menor/Com_men_4.shp" }, "geometry": { "type": "Point", "coordinates": [ -89.59183487, 21.0359618 ] } },
{ "type": "Feature", "properties": { "id": 9406778, "clee": "31050468412000251001013071S9", "nom_estab": "GAS Z CAUCEL", "raz_social": "GAS L P DE MERIDA", "codigo_act": "468412", "nombre_act": "Comercio al por menor de gas L. P. en cilindros y para tanques estacionarios", "per_ocu": "6 a 10 personas", "tipo_vial": "CALLE", "nom_vial": "29 C", "tipo_v_e_1": "CALLE", "nom_v_e_1": "110 C", "tipo_v_e_2": "CALLE", "nom_v_e_2": "110 C-1", "tipo_v_e_3": "CALLE", "nom_v_e_3": "29 B", "numero_ext": "899", "letra_ext": null, "edificio": null, "edificio_e": null, "numero_int": null, "letra_int": null, "tipo_asent": "FRACCIONAMIENTO", "nomb_asent": "CAUCEL II", "tipoCenCom": null, "nom_CenCom": null, "num_local": null, "cod_postal": "97314", "cve_ent": "31", "entidad": "Yucat?n", "cve_mun": "050", "municipio": "M?rida", "cve_loc": "0001", "localidad": "M?rida", "ageb": "6952", "manzana": "006", "telefono": null, "correoelec": "JUAN.NEGROE@GRUPOZETA.BIZ", "www": "ZETAGASSURESTE.COM", "tipoUniEco": "Fijo", "latitud": 21.01139356, "longitud": -89.71975334, "fecha_alta": "2023-11", "layer": "Com_men_4", "path": "D:/Trabajos/Contaminantes/DENUE/Comercio_menor/Com_men_4.shp" }, "geometry": { "type": "Point", "coordinates": [ -89.71975334, 21.01139356 ] } },
{ "type": "Feature", "properties": { "id": 9409828, "clee": "31050468412000273011012915S3", "nom_estab": "GAS TOMZA DE YUCATAN CAUCEL", "raz_social": "GAS TOMZA DE YUCATAN", "codigo_act": "468413", "nombre_act": "Comercio al por menor de gas L. P. en estaciones de carburación", "per_ocu": "6 a 10 personas", "tipo_vial": "AVENIDA", "nom_vial": "70", "tipo_v_e_1": "CALLE", "nom_v_e_1": "NINGUNO", "tipo_v_e_2": "CALLE", "nom_v_e_2": "95", "tipo_v_e_3": "CALLE", "nom_v_e_3": "68 B", "numero_ext": "736", "letra_ext": null, "edificio": null, "edificio_e": null, "numero_int": null, "letra_int": null, "tipo_asent": "FRACCIONAMIENTO", "nomb_asent": "CIUDAD CAUCEL", "tipoCenCom": null, "nom_CenCom": null, "num_local": null, "cod_postal": "97314", "cve_ent": "31", "entidad": "Yucat?n", "cve_mun": "050", "municipio": "M?rida", "cve_loc": "0001", "localidad": "M?rida", "ageb": "5827", "manzana": "002", "telefono": null, "correoelec": "IFRANCO.G@TOMZA.COM", "www": null, "tipoUniEco": "Fijo", "latitud": 20.98816362, "longitud": -89.70074829000001, "fecha_alta": "2023-11", "layer": "Com_men_4", "path": "D:/Trabajos/Contaminantes/DENUE/Comercio_menor/Com_men_4.shp" }, "geometry": { "type": "Point", "coordinates": [ -89.70074829, 20.98816362 ] } },
{ "type": "Feature", "properties": { "id": 9410641, "clee": "31050468411002993000026723S6", "nom_estab": "CARBURANTES DE YUCATAN SAN PABLO ORIENTE", "raz_social": "CARBURANTES DE YUCATAN", "codigo_act": "468411", "nombre_act": "Comercio al por menor de gasolina y diesel", "per_ocu": "11 a 30 personas", "tipo_vial": "CALLE", "nom_vial": "27", "tipo_v_e_1": "CALLE", "nom_v_e_1": "4", "tipo_v_e_2": "CALLE", "nom_v_e_2": "12", "tipo_v_e_3": "CALLE", "nom_v_e_3": "27 B", "numero_ext": "620", "letra_ext": null, "edificio": null, "edificio_e": null, "numero_int": null, "letra_int": null, "tipo_asent": "COLONIA", "nomb_asent": "SAN PABLO ORIENTE", "tipoCenCom": null, "nom_CenCom": null, "num_local": null, "cod_postal": "97176", "cve_ent": "31", "entidad": "Yucat?n", "cve_mun": "050", "municipio": "M?rida", "cve_loc": "0001", "localidad": "M?rida", "ageb": "3233", "manzana": "021", "telefono": null, "correoelec": "1SUPERVISOR.CONTABLE@PETROMAYAB.COM.MX", "www": null, "tipoUniEco": "Fijo", "latitud": 20.95685325, "longitud": -89.57093686, "fecha_alta": "2023-11", "layer": "Com_men_4", "path": "D:/Trabajos/Contaminantes/DENUE/Comercio_menor/Com_men_4.shp" }, "geometry": { "type": "Point", "coordinates": [ -89.57093686, 20.95685325 ] } },
{ "type": "Feature", "properties": { "id": 9431904, "clee": "31050468412000283011012915S2", "nom_estab": "GAS TOMZA DE YUCATAN PALMAS", "raz_social": "GAS TOMZA DE YUCATAN", "codigo_act": "468413", "nombre_act": "Comercio al por menor de gas L. P. en estaciones de carburación", "per_ocu": "6 a 10 personas", "tipo_vial": "AVENIDA", "nom_vial": "YUCAT?N (17)", "tipo_v_e_1": "CALLE", "nom_v_e_1": "NINGUNO", "tipo_v_e_2": "PRIVADA", "nom_v_e_2": "NINGUNO", "tipo_v_e_3": "CALLE", "nom_v_e_3": "NINGUNO", "numero_ext": "72", "letra_ext": null, "edificio": null, "edificio_e": null, "numero_int": null, "letra_int": null, "tipo_asent": "FRACCIONAMIENTO", "nomb_asent": "SAN PEDRO CHOLUL", "tipoCenCom": null, "nom_CenCom": null, "num_local": null, "cod_postal": "97305", "cve_ent": "31", "entidad": "Yucat?n", "cve_mun": "050", "municipio": "M?rida", "cve_loc": "0001", "localidad": "M?rida", "ageb": "4975", "manzana": "014", "telefono": null, "correoelec": null, "www": null, "tipoUniEco": "Fijo", "latitud": 21.02460202, "longitud": -89.56327065000001, "fecha_alta": "2023-11", "layer": "Com_men_4", "path": "D:/Trabajos/Contaminantes/DENUE/Comercio_menor/Com_men_4.shp" }, "geometry": { "type": "Point", "coordinates": [ -89.56327065, 21.02460202 ] } },
{ "type": "Feature", "properties": { "id": 9432617, "clee": "31050468411002921000056144S7", "nom_estab": "OFICINAS ADMINISTRATIVAS DE RAZON SOCIAL PETROLIFEROS DEL CARIBE", "raz_social": "PETROLIFEROS DEL CARIBE", "codigo_act": "468411", "nombre_act": "Comercio al por menor de gasolina y diesel", "per_ocu": "0 a 5 personas", "tipo_vial": "CALLE", "nom_vial": "62", "tipo_v_e_1": "CALLE", "nom_v_e_1": "39", "tipo_v_e_2": "CALLE", "nom_v_e_2": "41", "tipo_v_e_3": "CALLE", "nom_v_e_3": "64", "numero_ext": "337", "letra_ext": "E", "edificio": null, "edificio_e": null, "numero_int": null, "letra_int": null, "tipo_asent": "CIUDAD", "nomb_asent": "CENTRO", "tipoCenCom": null, "nom_CenCom": null, "num_local": null, "cod_postal": "97000", "cve_ent": "31", "entidad": "Yucat?n", "cve_mun": "050", "municipio": "M?rida", "cve_loc": "0001", "localidad": "M?rida", "ageb": "0328", "manzana": "008", "telefono": "9993356888", "correoelec": "ARELYCAMPOM@YAHOO.COM", "www": null, "tipoUniEco": "Fijo", "latitud": 20.98023878, "longitud": -89.62225048000001, "fecha_alta": "2023-11", "layer": "Com_men_4", "path": "D:/Trabajos/Contaminantes/DENUE/Comercio_menor/Com_men_4.shp" }, "geometry": { "type": "Point", "coordinates": [ -89.62225048, 20.98023878 ] } },
{ "type": "Feature", "properties": { "id": 9438529, "clee": "31050468411002933001057860S2", "nom_estab": "ESTACION AVENIDA 128", "raz_social": "GASOLINERA DE MERIDA", "codigo_act": "468411", "nombre_act": "Comercio al por menor de gasolina y diesel", "per_ocu": "6 a 10 personas", "tipo_vial": "CALLE", "nom_vial": "128", "tipo_v_e_1": "AVENIDA", "nom_v_e_1": "JACINTO CANEK (59 A)", "tipo_v_e_2": "CALLE", "nom_v_e_2": "NINGUNO", "tipo_v_e_3": "CALLE", "nom_v_e_3": "NINGUNO", "numero_ext": "728", "letra_ext": null, "edificio": null, "edificio_e": null, "numero_int": null, "letra_int": null, "tipo_asent": "COLONIA", "nomb_asent": "JACINTO CANEK", "tipoCenCom": null, "nom_CenCom": null, "num_local": null, "cod_postal": "97227", "cve_ent": "31", "entidad": "Yucat?n", "cve_mun": "050", "municipio": "M?rida", "cve_loc": "0001", "localidad": "M?rida", "ageb": "2593", "manzana": "048", "telefono": null, "correoelec": "CONTADORGENERAL@GMEGASUR.COM.MX", "www": null, "tipoUniEco": "Fijo", "latitud": 20.99174293, "longitud": -89.66342354, "fecha_alta": "2023-11", "layer": "Com_men_4", "path": "D:/Trabajos/Contaminantes/DENUE/Comercio_menor/Com_men_4.shp" }, "geometry": { "type": "Point", "coordinates": [ -89.66342354, 20.99174293 ] } },
{ "type": "Feature", "properties": { "id": 9440455, "clee": "31050468411002963001013127S9", "nom_estab": "COMBUSTIBLES DE YUCATAN FLORIDA", "raz_social": "COMBUSTIBLES DE YUCATAN", "codigo_act": "468411", "nombre_act": "Comercio al por menor de gasolina y diesel", "per_ocu": "6 a 10 personas", "tipo_vial": "OTRO(ESPECIFIQUE)", "nom_vial": "NINGUNO", "tipo_v_e_1": "OTRO(ESPECIFIQUE)", "nom_v_e_1": "Ninguno", "tipo_v_e_2": "OTRO(ESPECIFIQUE)", "nom_v_e_2": "23", "tipo_v_e_3": "OTRO(ESPECIFIQUE)", "nom_v_e_3": "2", "numero_ext": "1", "letra_ext": null, "edificio": null, "edificio_e": null, "numero_int": null, "letra_int": null, "tipo_asent": "CIUDAD", "nomb_asent": "JOSE MAR?A ITURRALDE", "tipoCenCom": null, "nom_CenCom": null, "num_local": null, "cod_postal": "97134", "cve_ent": "31", "entidad": "Yucat?n", "cve_mun": "050", "municipio": "M?rida", "cve_loc": "0001", "localidad": "M?rida", "ageb": "2521", "manzana": "050", "telefono": null, "correoelec": "SAMUEL.HERRERA@LODEMORED.COM.MX", "www": null, "tipoUniEco": "Fijo", "latitud": 21.02343776, "longitud": -89.56866219, "fecha_alta": "2023-11", "layer": "Com_men_4", "path": "D:/Trabajos/Contaminantes/DENUE/Comercio_menor/Com_men_4.shp" }, "geometry": { "type": "Point", "coordinates": [ -89.56866219, 21.02343776 ] } },
{ "type": "Feature", "properties": { "id": 9972044, "clee": "31050468412000313000000000U7", "nom_estab": "COMBUSTIBLES ROSO", "raz_social": "COMBUSTIBLES ROSO DE LA PENINSULA", "codigo_act": "468412", "nombre_act": "Comercio al por menor de gas L. P. en cilindros y para tanques estacionarios", "per_ocu": "11 a 30 personas", "tipo_vial": "CALLE", "nom_vial": "43", "tipo_v_e_1": "CALLE", "nom_v_e_1": "6 ORIENTE", "tipo_v_e_2": "PERIFERICO", "nom_v_e_2": "LICENCIADO MANUEL BERZUNZA", "tipo_v_e_3": "CALLE", "nom_v_e_3": "41", "numero_ext": null, "letra_ext": "SN", "edificio": null, "edificio_e": null, "numero_int": null, "letra_int": null, "tipo_asent": "COLONIA", "nomb_asent": "LEANDRO VALLE", "tipoCenCom": null, "nom_CenCom": null, "num_local": null, "cod_postal": "97143", "cve_ent": "31", "entidad": "Yucat?n", "cve_mun": "050", "municipio": "M?rida", "cve_loc": "0001", "localidad": "M?rida", "ageb": "199A", "manzana": "010", "telefono": null, "correoelec": null, "www": null, "tipoUniEco": "Fijo", "latitud": 20.99489927, "longitud": -89.56137389, "fecha_alta": "2024-11", "layer": "Com_men_4", "path": "D:/Trabajos/Contaminantes/DENUE/Comercio_menor/Com_men_4.shp" }, "geometry": { "type": "Point", "coordinates": [ -89.56137389, 20.99489927 ] } },
{ "type": "Feature", "properties": { "id": 9998355, "clee": "31050468412000291000000000U5", "nom_estab": "GAS PENINSULA", "raz_social": "GAS MAYA SUR", "codigo_act": "468412", "nombre_act": "Comercio al por menor de gas L. P. en cilindros y para tanques estacionarios", "per_ocu": "0 a 5 personas", "tipo_vial": "CALLE", "nom_vial": "NINGUNO", "tipo_v_e_1": "CERRADA", "nom_v_e_1": "NINGUNO", "tipo_v_e_2": "CERRADA", "nom_v_e_2": "NINGUNO", "tipo_v_e_3": "CERRADA", "nom_v_e_3": "NINGUNO", "numero_ext": "55470", "letra_ext": null, "edificio": null, "edificio_e": null, "numero_int": null, "letra_int": null, "tipo_asent": "COLONIA", "nomb_asent": "DZITYA", "tipoCenCom": null, "nom_CenCom": null, "num_local": null, "cod_postal": "97302", "cve_ent": "31", "entidad": "Yucat?n", "cve_mun": "050", "municipio": "M?rida", "cve_loc": "0001", "localidad": "M?rida", "ageb": "6098", "manzana": "001", "telefono": null, "correoelec": null, "www": null, "tipoUniEco": "Fijo", "latitud": 21.04239499, "longitud": -89.66481339000001, "fecha_alta": "2024-11", "layer": "Com_men_4", "path": "D:/Trabajos/Contaminantes/DENUE/Comercio_menor/Com_men_4.shp" }, "geometry": { "type": "Point", "coordinates": [ -89.66481339, 21.04239499 ] } },
{ "type": "Feature", "properties": { "id": 10445494, "clee": "31050221210000042000019710S8", "nom_estab": "ESTACION AMERICAS 2", "raz_social": "SERVICIOS KANASIN", "codigo_act": "468411", "nombre_act": "Comercio al por menor de gasolina y diesel", "per_ocu": "0 a 5 personas", "tipo_vial": "AVENIDA", "nom_vial": "55", "tipo_v_e_1": "CALLE", "nom_v_e_1": "108", "tipo_v_e_2": "CALLE", "nom_v_e_2": "55 DIAGONAL", "tipo_v_e_3": "AVENIDA", "nom_v_e_3": "55 DIAGONAL", "numero_ext": "976", "letra_ext": null, "edificio": null, "edificio_e": null, "numero_int": null, "letra_int": null, "tipo_asent": "FRACCIONAMIENTO", "nomb_asent": "LAS AMERICAS", "tipoCenCom": null, "nom_CenCom": null, "num_local": null, "cod_postal": "97302", "cve_ent": "31", "entidad": "Yucat?n", "cve_mun": "050", "municipio": "M?rida", "cve_loc": "0001", "localidad": "M?rida", "ageb": "6632", "manzana": "005", "telefono": "9992722588", "correoelec": null, "www": null, "tipoUniEco": "Fijo", "latitud": 21.07412758, "longitud": -89.65756456, "fecha_alta": "2024-11", "layer": "Com_men_4", "path": "D:/Trabajos/Contaminantes/DENUE/Comercio_menor/Com_men_4.shp" }, "geometry": { "type": "Point", "coordinates": [ -89.65756456, 21.07412758 ] } },
{ "type": "Feature", "properties": { "id": 10553475, "clee": "31050468412000301000000000U2", "nom_estab": "MAYA GAS PENINSULAR", "raz_social": "MAYA GAS PENINSULAR", "codigo_act": "468412", "nombre_act": "Comercio al por menor de gas L. P. en cilindros y para tanques estacionarios", "per_ocu": "0 a 5 personas", "tipo_vial": "CALLE", "nom_vial": "27", "tipo_v_e_1": "CALLE", "nom_v_e_1": "24", "tipo_v_e_2": "CALLE", "nom_v_e_2": "65", "tipo_v_e_3": "CALLE", "nom_v_e_3": "27", "numero_ext": null, "letra_ext": "SN", "edificio": null, "edificio_e": null, "numero_int": null, "letra_int": null, "tipo_asent": "COLONIA", "nomb_asent": "CHICHEN ITZA", "tipoCenCom": null, "nom_CenCom": null, "num_local": null, "cod_postal": "97170", "cve_ent": "31", "entidad": "Yucat?n", "cve_mun": "050", "municipio": "M?rida", "cve_loc": "0001", "localidad": "M?rida", "ageb": "3233", "manzana": "033", "telefono": null, "correoelec": null, "www": "MAYAGAS.MXESTACION", "tipoUniEco": "Fijo", "latitud": 20.95935451, "longitud": -89.57638291000001, "fecha_alta": "2024-11", "layer": "Com_men_4", "path": "D:/Trabajos/Contaminantes/DENUE/Comercio_menor/Com_men_4.shp" }, "geometry": { "type": "Point", "coordinates": [ -89.57638291, 20.95935451 ] } },
{ "type": "Feature", "properties": { "id": 11754211, "clee": "31050468414000031000000000U1", "nom_estab": "MAQUEIS", "raz_social": "ATMO GAS", "codigo_act": "468414", "nombre_act": "Comercio al por menor en estaciones de gas natural vehicular", "per_ocu": "0 a 5 personas", "tipo_vial": "AVENIDA", "nom_vial": "ITZAES 86 B", "tipo_v_e_1": "CALLE", "nom_v_e_1": "94", "tipo_v_e_2": "CALLE", "nom_v_e_2": "92 A", "tipo_v_e_3": "CALLE", "nom_v_e_3": "88", "numero_ext": null, "letra_ext": "SN", "edificio": null, "edificio_e": null, "numero_int": null, "letra_int": null, "tipo_asent": "COLONIA", "nomb_asent": "SAMBUL?", "tipoCenCom": null, "nom_CenCom": null, "num_local": null, "cod_postal": "97250", "cve_ent": "31", "entidad": "Yucat?n", "cve_mun": "050", "municipio": "M?rida", "cve_loc": "0001", "localidad": "M?rida", "ageb": "0597", "manzana": "034", "telefono": null, "correoelec": null, "www": null, "tipoUniEco": "Fijo", "latitud": 20.95173149, "longitud": -89.64628624, "fecha_alta": "2025-04", "layer": "Com_men_4", "path": "D:/Trabajos/Contaminantes/DENUE/Comercio_menor/Com_men_4.shp" }, "geometry": { "type": "Point", "coordinates": [ -89.64628624, 20.95173149 ] } },
{ "type": "Feature", "properties": { "id": 11769172, "clee": "31050468411003023000022466S1", "nom_estab": "CAUCEL 2", "raz_social": "CORPORATIVO GASOLINERO DEL CARIBE", "codigo_act": "468411", "nombre_act": "Comercio al por menor de gasolina y diesel", "per_ocu": "11 a 30 personas", "tipo_vial": "CALLE", "nom_vial": "70", "tipo_v_e_1": "CALLE", "nom_v_e_1": "37", "tipo_v_e_2": "CALLE", "nom_v_e_2": "33", "tipo_v_e_3": "CALLE", "nom_v_e_3": "68", "numero_ext": "610", "letra_ext": null, "edificio": null, "edificio_e": null, "numero_int": null, "letra_int": null, "tipo_asent": "COLONIA", "nomb_asent": "CIUDAD CAUCEL", "tipoCenCom": null, "nom_CenCom": null, "num_local": null, "cod_postal": "97314", "cve_ent": "31", "entidad": "Yucat?n", "cve_mun": "050", "municipio": "M?rida", "cve_loc": "0001", "localidad": "M?rida", "ageb": "5757", "manzana": "050", "telefono": "9991161373", "correoelec": "SAMUELHERRERA@LODEMORED.COM.MX", "www": "WWW.LODEMORED.COM.MX", "tipoUniEco": "Fijo", "latitud": 21.00296565, "longitud": -89.69244977, "fecha_alta": "2025-04", "layer": "Com_men_4", "path": "D:/Trabajos/Contaminantes/DENUE/Comercio_menor/Com_men_4.shp" }, "geometry": { "type": "Point", "coordinates": [ -89.69244977, 21.00296565 ] } },
{ "type": "Feature", "properties": { "id": 11816410, "clee": "31050468411003013000023982S2", "nom_estab": "ESTACION DE SERVICIOS ABIMERHI SUR", "raz_social": null, "codigo_act": "468411", "nombre_act": "Comercio al por menor de gasolina y diesel", "per_ocu": "11 a 30 personas", "tipo_vial": "PERIFERICO", "nom_vial": "LICENCIADO MANUEL BERZUNZA", "tipo_v_e_1": "CALLE", "nom_v_e_1": "Ninguno", "tipo_v_e_2": "CALLE", "nom_v_e_2": "Ninguno", "tipo_v_e_3": "CALLE", "nom_v_e_3": "Ninguno", "numero_ext": "18955", "letra_ext": "TABLAJE", "edificio": null, "edificio_e": null, "numero_int": null, "letra_int": null, "tipo_asent": "ZONA INDUSTRIAL", "nomb_asent": "GRAN CALZADA", "tipoCenCom": null, "nom_CenCom": null, "num_local": null, "cod_postal": "97288", "cve_ent": "31", "entidad": "Yucat?n", "cve_mun": "050", "municipio": "M?rida", "cve_loc": "0001", "localidad": "M?rida", "ageb": "6740", "manzana": "041", "telefono": null, "correoelec": "CONTABILIDAD.ESTACIONES@ABIMERHI.COM", "www": null, "tipoUniEco": "Fijo", "latitud": 20.9344603, "longitud": -89.69423777, "fecha_alta": "2025-04", "layer": "Com_men_4", "path": "D:/Trabajos/Contaminantes/DENUE/Comercio_menor/Com_men_4.shp" }, "geometry": { "type": "Point", "coordinates": [ -89.69423777, 20.9344603 ] } },
{ "type": "Feature", "properties": { "id": 11825066, "clee": "31050468411003033000023986S0", "nom_estab": "MATEM?TICAS", "raz_social": "ESTACION DE SERVICIOS LAS PALMAS", "codigo_act": "468411", "nombre_act": "Comercio al por menor de gasolina y diesel", "per_ocu": "11 a 30 personas", "tipo_vial": "CALLE", "nom_vial": "23", "tipo_v_e_1": "CALLE", "nom_v_e_1": "56", "tipo_v_e_2": "CALLE", "nom_v_e_2": "52 B", "tipo_v_e_3": "CALLE", "nom_v_e_3": "Ninguno", "numero_ext": "218", "letra_ext": "T", "edificio": null, "edificio_e": null, "numero_int": null, "letra_int": null, "tipo_asent": "FRACCIONAMIENTO", "nomb_asent": "ZONA INDUSTRIAL", "tipoCenCom": null, "nom_CenCom": null, "num_local": null, "cod_postal": "97180", "cve_ent": "31", "entidad": "Yucat?n", "cve_mun": "050", "municipio": "M?rida", "cve_loc": "0001", "localidad": "M?rida", "ageb": "651A", "manzana": "013", "telefono": "9991161373", "correoelec": "SAMUELHERRERA@LODEMORED.COM.MX", "www": "WWW.LODEMORED.COM.MX", "tipoUniEco": "Fijo", "latitud": 21.0462534, "longitud": -89.64549152, "fecha_alta": "2025-04", "layer": "Com_men_4", "path": "D:/Trabajos/Contaminantes/DENUE/Comercio_menor/Com_men_4.shp" }, "geometry": { "type": "Point", "coordinates": [ -89.64549152, 21.0462534 ] } },
{ "type": "Feature", "properties": { "id": 12274066, "clee": "31050468411003003000061957M3", "nom_estab": "MAXOL", "raz_social": "GASOLINERA DEL SURESTE MEXICANO", "codigo_act": "468411", "nombre_act": "Comercio al por menor de gasolina y diesel", "per_ocu": "11 a 30 personas", "tipo_vial": "CALLE", "nom_vial": "YUCAT?N", "tipo_v_e_1": "CALLE", "nom_v_e_1": "21 C", "tipo_v_e_2": "CALLE", "nom_v_e_2": "23", "tipo_v_e_3": "CALLE", "nom_v_e_3": "8", "numero_ext": "81", "letra_ext": null, "edificio": null, "edificio_e": null, "numero_int": null, "letra_int": null, "tipo_asent": "COLONIA", "nomb_asent": "GUADALUPE", "tipoCenCom": null, "nom_CenCom": null, "num_local": null, "cod_postal": "97305", "cve_ent": "31", "entidad": "Yucat?n", "cve_mun": "050", "municipio": "M?rida", "cve_loc": "0084", "localidad": "Cholul", "ageb": "5206", "manzana": "009", "telefono": "9991696962", "correoelec": "ATORRES@MAXOL.COM", "www": null, "tipoUniEco": "Fijo", "latitud": 21.04081764, "longitud": -89.54789782, "fecha_alta": "2026-04", "layer": "Com_men_4", "path": "D:/Trabajos/Contaminantes/DENUE/Comercio_menor/Com_men_4.shp" }, "geometry": { "type": "Point", "coordinates": [ -89.54789782, 21.04081764 ] } },
{ "type": "Feature", "properties": { "id": 12274150, "clee": "31050468411003063000000000U7", "nom_estab": "GASOLINERIA PEMEX", "raz_social": "BAY VIEW", "codigo_act": "468411", "nombre_act": "Comercio al por menor de gasolina y diesel", "per_ocu": "11 a 30 personas", "tipo_vial": "AVENIDA", "nom_vial": "3", "tipo_v_e_1": "CALLE", "nom_v_e_1": "34", "tipo_v_e_2": "CALLE", "nom_v_e_2": "60", "tipo_v_e_3": "CALLE", "nom_v_e_3": "39 B-2", "numero_ext": "0", "letra_ext": "SN", "edificio": null, "edificio_e": "1", "numero_int": null, "letra_int": null, "tipo_asent": "COLONIA", "nomb_asent": "REVOLUCION", "tipoCenCom": "CENTRO Y PLAZA COMERCIAL", "nom_CenCom": "PLAZA VECTOR", "num_local": "I", "cod_postal": "97203", "cve_ent": "31", "entidad": "Yucat?n", "cve_mun": "050", "municipio": "M?rida", "cve_loc": "0001", "localidad": "M?rida", "ageb": "4566", "manzana": "053", "telefono": "9991945404", "correoelec": null, "www": null, "tipoUniEco": "Fijo", "latitud": 21.0398793, "longitud": -89.63553098, "fecha_alta": "2026-04", "layer": "Com_men_4", "path": "D:/Trabajos/Contaminantes/DENUE/Comercio_menor/Com_men_4.shp" }, "geometry": { "type": "Point", "coordinates": [ -89.63553098, 21.0398793 ] } },
{ "type": "Feature", "properties": { "id": 12274334, "clee": "31050468411003071000000000U0", "nom_estab": "ESTACIONAMIENTO MEGASUR", "raz_social": "MEGASUR", "codigo_act": "468411", "nombre_act": "Comercio al por menor de gasolina y diesel", "per_ocu": "0 a 5 personas", "tipo_vial": "CALLE", "nom_vial": "20", "tipo_v_e_1": "CALLE", "nom_v_e_1": "13", "tipo_v_e_2": "CALLE", "nom_v_e_2": "11", "tipo_v_e_3": "CIRCUITO", "nom_v_e_3": "COLONIAS (22)", "numero_ext": null, "letra_ext": "SN", "edificio": null, "edificio_e": null, "numero_int": null, "letra_int": null, "tipo_asent": "COLONIA", "nomb_asent": "YUCATAN", "tipoCenCom": null, "nom_CenCom": null, "num_local": null, "cod_postal": "97050", "cve_ent": "31", "entidad": "Yucat?n", "cve_mun": "050", "municipio": "M?rida", "cve_loc": "0001", "localidad": "M?rida", "ageb": "1504", "manzana": "023", "telefono": null, "correoelec": null, "www": null, "tipoUniEco": "Fijo", "latitud": 20.99679694, "longitud": -89.62382999, "fecha_alta": "2026-04", "layer": "Com_men_4", "path": "D:/Trabajos/Contaminantes/DENUE/Comercio_menor/Com_men_4.shp" }, "geometry": { "type": "Point", "coordinates": [ -89.62382999, 20.99679694 ] } },
{ "type": "Feature", "properties": { "id": 12274372, "clee": "31050468411003093000000000U4", "nom_estab": "FOMENTO GASOLINERO", "raz_social": "FOMENTO GASOLINERO", "codigo_act": "468411", "nombre_act": "Comercio al por menor de gasolina y diesel", "per_ocu": "11 a 30 personas", "tipo_vial": "CALLE", "nom_vial": "74", "tipo_v_e_1": "PRIVADA", "nom_v_e_1": "61", "tipo_v_e_2": "CALLE", "nom_v_e_2": "74", "tipo_v_e_3": "CALLE", "nom_v_e_3": "NINGUNO", "numero_ext": "238", "letra_ext": null, "edificio": null, "edificio_e": null, "numero_int": null, "letra_int": null, "tipo_asent": "FRACCIONAMIENTO", "nomb_asent": "LAS AMERICAS", "tipoCenCom": null, "nom_CenCom": null, "num_local": null, "cod_postal": "97302", "cve_ent": "31", "entidad": "Yucat?n", "cve_mun": "050", "municipio": "M?rida", "cve_loc": "0001", "localidad": "M?rida", "ageb": "4903", "manzana": "009", "telefono": null, "correoelec": null, "www": null, "tipoUniEco": "Fijo", "latitud": 21.06731457, "longitud": -89.64422509000001, "fecha_alta": "2026-04", "layer": "Com_men_4", "path": "D:/Trabajos/Contaminantes/DENUE/Comercio_menor/Com_men_4.shp" }, "geometry": { "type": "Point", "coordinates": [ -89.64422509000002, 21.06731457 ] } },
{ "type": "Feature", "properties": { "id": 12274397, "clee": "31050468411003082000000000U7", "nom_estab": "GASOLINERA PEMEX", "raz_social": "COMBUSTIBLES Y LUBRICANTES VISTA ALEGRE", "codigo_act": "468411", "nombre_act": "Comercio al por menor de gasolina y diesel", "per_ocu": "6 a 10 personas", "tipo_vial": "AVENIDA", "nom_vial": "CORREA RACHO 6", "tipo_v_e_1": "PRIVADA", "nom_v_e_1": "11", "tipo_v_e_2": "CALLE", "nom_v_e_2": "16", "tipo_v_e_3": "CALLE", "nom_v_e_3": "16", "numero_ext": null, "letra_ext": "SN", "edificio": null, "edificio_e": null, "numero_int": null, "letra_int": null, "tipo_asent": "FRACCIONAMIENTO", "nomb_asent": "MONTEVIDEO", "tipoCenCom": null, "nom_CenCom": null, "num_local": null, "cod_postal": "97133", "cve_ent": "31", "entidad": "Yucat?n", "cve_mun": "050", "municipio": "M?rida", "cve_loc": "0001", "localidad": "M?rida", "ageb": "2540", "manzana": "002", "telefono": "9999436400", "correoelec": "REDVISTAALEGRE@ENINFINITUM.COM", "www": null, "tipoUniEco": "Fijo", "latitud": 21.01095079, "longitud": -89.58454901, "fecha_alta": "2026-04", "layer": "Com_men_4", "path": "D:/Trabajos/Contaminantes/DENUE/Comercio_menor/Com_men_4.shp" }, "geometry": { "type": "Point", "coordinates": [ -89.58454901, 21.01095079 ] } },
{ "type": "Feature", "properties": { "id": 12274450, "clee": "31050468411003052000000000U0", "nom_estab": "GASOLINERA TEMOZON NORTE", "raz_social": "GASOLINERA TEMOZON NORTE", "codigo_act": "468411", "nombre_act": "Comercio al por menor de gasolina y diesel", "per_ocu": "6 a 10 personas", "tipo_vial": "PERIFERICO", "nom_vial": "LICENCIADO MANUEL BERZUNZA", "tipo_v_e_1": "DIAGONAL", "nom_v_e_1": "79", "tipo_v_e_2": "CALLE", "nom_v_e_2": "38", "tipo_v_e_3": "CALLE", "nom_v_e_3": "NINGUNO", "numero_ext": null, "letra_ext": "SN", "edificio": null, "edificio_e": null, "numero_int": null, "letra_int": null, "tipo_asent": "COLONIA", "nomb_asent": "TEMOZON NORTE", "tipoCenCom": null, "nom_CenCom": null, "num_local": null, "cod_postal": "97302", "cve_ent": "31", "entidad": "Yucat?n", "cve_mun": "050", "municipio": "M?rida", "cve_loc": "0001", "localidad": "M?rida", "ageb": "6789", "manzana": "001", "telefono": "9993877502", "correoelec": null, "www": null, "tipoUniEco": "Fijo", "latitud": 21.04511648, "longitud": -89.61472108, "fecha_alta": "2026-04", "layer": "Com_men_4", "path": "D:/Trabajos/Contaminantes/DENUE/Comercio_menor/Com_men_4.shp" }, "geometry": { "type": "Point", "coordinates": [ -89.61472108, 21.04511648 ] } },
{ "type": "Feature", "properties": { "id": 12274742, "clee": "31050468412000322000000000U8", "nom_estab": "OFICINA DE GAS PENINSULAR", "raz_social": "GAS MAYA SUR", "codigo_act": "468412", "nombre_act": "Comercio al por menor de gas L. P. en cilindros y para tanques estacionarios", "per_ocu": "6 a 10 personas", "tipo_vial": "AVENIDA", "nom_vial": "TECNOLOGICO 60", "tipo_v_e_1": "CALLE", "nom_v_e_1": "17", "tipo_v_e_2": "CALLE", "nom_v_e_2": "15 A", "tipo_v_e_3": "CALLE", "nom_v_e_3": "12", "numero_ext": null, "letra_ext": "SN", "edificio": null, "edificio_e": null, "numero_int": null, "letra_int": null, "tipo_asent": "CIUDAD", "nomb_asent": "FELIPE CARRILLO PUERTO", "tipoCenCom": null, "nom_CenCom": null, "num_local": null, "cod_postal": "97208", "cve_ent": "31", "entidad": "Yucat?n", "cve_mun": "050", "municipio": "M?rida", "cve_loc": "0001", "localidad": "M?rida", "ageb": "6488", "manzana": "024", "telefono": null, "correoelec": null, "www": null, "tipoUniEco": "Fijo", "latitud": 21.01533135, "longitud": -89.6246325, "fecha_alta": "2026-04", "layer": "Com_men_4", "path": "D:/Trabajos/Contaminantes/DENUE/Comercio_menor/Com_men_4.shp" }, "geometry": { "type": "Point", "coordinates": [ -89.6246325, 21.01533135 ] } },
{ "type": "Feature", "properties": { "id": 12275267, "clee": "31050468413000052000012915S9", "nom_estab": "GAS TOMZA ITZAES", "raz_social": "GAS TOMZA DE YUCATAN", "codigo_act": "468413", "nombre_act": "Comercio al por menor de gas L. P. en estaciones de carburación", "per_ocu": "6 a 10 personas", "tipo_vial": "CALLE", "nom_vial": "ITZ?ES (86 B)", "tipo_v_e_1": "CALLE", "nom_v_e_1": "90", "tipo_v_e_2": "CALLE", "nom_v_e_2": "92", "tipo_v_e_3": "CALLE", "nom_v_e_3": "81 A", "numero_ext": "606", "letra_ext": "C", "edificio": null, "edificio_e": null, "numero_int": null, "letra_int": null, "tipo_asent": "COLONIA", "nomb_asent": "OBRERA", "tipoCenCom": null, "nom_CenCom": null, "num_local": null, "cod_postal": "97260", "cve_ent": "31", "entidad": "Yucat?n", "cve_mun": "050", "municipio": "M?rida", "cve_loc": "0001", "localidad": "M?rida", "ageb": "3267", "manzana": "038", "telefono": null, "correoelec": "IFRANCO.G@TOMZA.COM", "www": null, "tipoUniEco": "Fijo", "latitud": 20.95244259, "longitud": -89.64539647, "fecha_alta": "2026-04", "layer": "Com_men_4", "path": "D:/Trabajos/Contaminantes/DENUE/Comercio_menor/Com_men_4.shp" }, "geometry": { "type": "Point", "coordinates": [ -89.64539647, 20.95244259 ] } },
{ "type": "Feature", "properties": { "id": 12275299, "clee": "31050468413000042000012915S0", "nom_estab": "GAS TOMZA FRANCISCO DE MONTEJO", "raz_social": "GAS TOMZA DE YUCATAN", "codigo_act": "468413", "nombre_act": "Comercio al por menor de gas L. P. en estaciones de carburación", "per_ocu": "6 a 10 personas", "tipo_vial": "CALLE", "nom_vial": "LICENCIADO MANUEL BERZUNZA", "tipo_v_e_1": "CALLE", "nom_v_e_1": "Ninguno", "tipo_v_e_2": "CALLE", "nom_v_e_2": "51", "tipo_v_e_3": "CALLE", "nom_v_e_3": "Ninguno", "numero_ext": "578", "letra_ext": null, "edificio": null, "edificio_e": null, "numero_int": null, "letra_int": null, "tipo_asent": "FRACCIONAMIENTO", "nomb_asent": "FRANCISCO DE MONTEJO II", "tipoCenCom": null, "nom_CenCom": null, "num_local": null, "cod_postal": "97203", "cve_ent": "31", "entidad": "Yucat?n", "cve_mun": "050", "municipio": "M?rida", "cve_loc": "0001", "localidad": "M?rida", "ageb": "3905", "manzana": "038", "telefono": null, "correoelec": "IFRANCO.G@TOMZA.COM", "www": null, "tipoUniEco": "Fijo", "latitud": 21.04051073, "longitud": -89.65216424, "fecha_alta": "2026-04", "layer": "Com_men_4", "path": "D:/Trabajos/Contaminantes/DENUE/Comercio_menor/Com_men_4.shp" }, "geometry": { "type": "Point", "coordinates": [ -89.65216424, 21.04051073 ] } }
]
}
